a9eb4238-eba9-488c-b102-b6140fd08e38;2022-01-11T04:00:00Z;172.8;172.99;173.47;172.65;318;
a9eb4238-eba9-488c-b102-b6140fd08e38;2022-01-11T04:01:00Z;172.87;172.87;172.99;172.87;59;
a9eb4238-eba9-488c-b102-b6140fd08e38;2022-01-11T04:02:00Z;172.58;172.58;172.86;172.58;21;
a9eb4238-eba9-488c-b102-b6140fd08e38;2022-01-11T04:03:00Z;172.81;172.78;172.98;172.58;112;
a9eb4238-eba9-488c-b102-b6140fd08e38;2022-01-11T04:04:00Z;172.91;172.87;172.91;172.78;66;
a9eb4238-eba9-488c-b102-b6140fd08e38;2022-01-11T04:05:00Z;172.78;172.88;172.88;172.77;21;
a9eb4238-eba9-488c-b102-b6140fd08e38;2022-01-11T04:06:00Z;172.83;172.88;172.88;172.83;9;
a9eb4238-eba9-488c-b102-b6140fd08e38;2022-01-11T04:07:00Z;172.82;172.88;172.88;172.82;12;
a9eb4238-eba9-488c-b102-b6140fd08e38;2022-01-11T04:08:00Z;172.87;172.8;172.87;172.8;18;
a9eb4238-eba9-488c-b102-b6140fd08e38;2022-01-11T04:09:00Z;172.8;172.8;172.8;172.8;85;
a9eb4238-eba9-488c-b102-b6140fd08e38;2022-01-11T04:10:00Z;172.78;172.75;172.79;172.57;9;
a9eb4238-eba9-488c-b102-b6140fd08e38;2022-01-11T04:11:00Z;172.56;172.44;172.56;172.44;48;
a9eb4238-eba9-488c-b102-b6140fd08e38;2022-01-11T04:12:00Z;172.43;172.3;172.5;172.13;351;
a9eb4238-eba9-488c-b102-b6140fd08e38;2022-01-11T04:13:00Z;172.2;172.21;172.39;172.2;21;
a9eb4238-eba9-488c-b102-b6140fd08e38;2022-01-11T04:14:00Z;172.39;172.39;172.39;172.39;2;
a9eb4238-eba9-488c-b102-b6140fd08e38;2022-01-11T04:15:00Z;172.38;172.2;172.5;172.2;30;
a9eb4238-eba9-488c-b102-b6140fd08e38;2022-01-11T04:16:00Z;172.49;172.5;172.5;172.49;9;
a9eb4238-eba9-488c-b102-b6140fd08e38;2022-01-11T04:17:00Z;172.48;172.49;172.5;172.48;10;
a9eb4238-eba9-488c-b102-b6140fd08e38;2022-01-11T04:18:00Z;172.21;172.21;172.48;172.2;20;
a9eb4238-eba9-488c-b102-b6140fd08e38;2022-01-11T04:19:00Z;172.2;172.45;172.45;172.2;7;
a9eb4238-eba9-488c-b102-b6140fd08e38;2022-01-11T04:20:00Z;172.19;172.2;172.2;172.19;50;
a9eb4238-eba9-488c-b102-b6140fd08e38;2022-01-11T04:21:00Z;172.21;172.23;172.23;172.21;5;
a9eb4238-eba9-488c-b102-b6140fd08e38;2022-01-11T04:22:00Z;172.22;172.22;172.22;172.22;10;
a9eb4238-eba9-488c-b102-b6140fd08e38;2022-01-11T04:23:00Z;172.23;172.2;172.23;172.2;43;
a9eb4238-eba9-488c-b102-b6140fd08e38;2022-01-11T04:24:00Z;172.2;172.3;172.3;172.2;58;
a9eb4238-eba9-488c-b102-b6140fd08e38;2022-01-11T04:25:00Z;172.21;172.2;172.21;172.2;47;
a9eb4238-eba9-488c-b102-b6140fd08e38;2022-01-11T04:26:00Z;172.23;172.21;172.23;172.2;13;
a9eb4238-eba9-488c-b102-b6140fd08e38;2022-01-11T04:27:00Z;172.29;172.3;172.3;172.21;13;
a9eb4238-eba9-488c-b102-b6140fd08e38;2022-01-11T04:28:00Z;172.3;172.39;172.39;172.3;6;
a9eb4238-eba9-488c-b102-b6140fd08e38;2022-01-11T04:29:00Z;172.39;172.39;172.39;172.39;3;
a9eb4238-eba9-488c-b102-b6140fd08e38;2022-01-11T04:30:00Z;171.76;171.99;172.21;171.75;677;
a9eb4238-eba9-488c-b102-b6140fd08e38;2022-01-11T04:31:00Z;171.77;171.75;172;171.75;152;
a9eb4238-eba9-488c-b102-b6140fd08e38;2022-01-11T04:32:00Z;171.99;171.99;171.99;171.8;15;
a9eb4238-eba9-488c-b102-b6140fd08e38;2022-01-11T04:33:00Z;171.99;171.79;171.99;171.79;13;
a9eb4238-eba9-488c-b102-b6140fd08e38;2022-01-11T04:34:00Z;171.98;171.98;171.98;171.98;19;
a9eb4238-eba9-488c-b102-b6140fd08e38;2022-01-11T04:35:00Z;171.97;171.8;171.97;171.8;13;
a9eb4238-eba9-488c-b102-b6140fd08e38;2022-01-11T04:36:00Z;171.96;171.65;171.96;171.64;119;
a9eb4238-eba9-488c-b102-b6140fd08e38;2022-01-11T04:37:00Z;171.58;171.86;171.86;171.58;269;
a9eb4238-eba9-488c-b102-b6140fd08e38;2022-01-11T04:38:00Z;171.61;171.83;171.85;171.61;17;
a9eb4238-eba9-488c-b102-b6140fd08e38;2022-01-11T04:39:00Z;171.62;171.81;171.82;171.62;16;
a9eb4238-eba9-488c-b102-b6140fd08e38;2022-01-11T04:40:00Z;171.8;171.79;171.8;171.79;2;
a9eb4238-eba9-488c-b102-b6140fd08e38;2022-01-11T04:41:00Z;171.65;171.81;171.81;171.65;39;
a9eb4238-eba9-488c-b102-b6140fd08e38;2022-01-11T04:42:00Z;171.81;171.82;171.82;171.66;209;
a9eb4238-eba9-488c-b102-b6140fd08e38;2022-01-11T04:43:00Z;171.83;171.8;171.85;171.8;38;
a9eb4238-eba9-488c-b102-b6140fd08e38;2022-01-11T04:44:00Z;171.8;171.85;171.85;171.8;5;
a9eb4238-eba9-488c-b102-b6140fd08e38;2022-01-11T04:45:00Z;171.81;171.85;171.91;171.81;5;
a9eb4238-eba9-488c-b102-b6140fd08e38;2022-01-11T04:46:00Z;171.92;171.85;171.92;171.85;11;
a9eb4238-eba9-488c-b102-b6140fd08e38;2022-01-11T04:47:00Z;171.85;171.75;171.85;171.75;13;
a9eb4238-eba9-488c-b102-b6140fd08e38;2022-01-11T04:48:00Z;171.67;171.8;171.85;171.67;19;
a9eb4238-eba9-488c-b102-b6140fd08e38;2022-01-11T04:49:00Z;171.8;171.8;171.8;171.8;12;
a9eb4238-eba9-488c-b102-b6140fd08e38;2022-01-11T04:50:00Z;171.85;171.85;171.85;171.8;19;
a9eb4238-eba9-488c-b102-b6140fd08e38;2022-01-11T04:51:00Z;171.8;171.82;171.82;171.8;4;
a9eb4238-eba9-488c-b102-b6140fd08e38;2022-01-11T04:52:00Z;171.85;171.85;171.85;171.85;11;
a9eb4238-eba9-488c-b102-b6140fd08e38;2022-01-11T04:53:00Z;171.85;171.83;171.85;171.83;23;
a9eb4238-eba9-488c-b102-b6140fd08e38;2022-01-11T04:54:00Z;171.85;171.85;171.85;171.85;26;
a9eb4238-eba9-488c-b102-b6140fd08e38;2022-01-11T04:55:00Z;171.66;171.66;171.66;171.66;54;
a9eb4238-eba9-488c-b102-b6140fd08e38;2022-01-11T04:56:00Z;171.85;171.8;171.93;171.8;19;
a9eb4238-eba9-488c-b102-b6140fd08e38;2022-01-11T04:57:00Z;171.85;171.85;171.85;171.8;73;
a9eb4238-eba9-488c-b102-b6140fd08e38;2022-01-11T04:58:00Z;171.81;171.85;171.85;171.81;3;
a9eb4238-eba9-488c-b102-b6140fd08e38;2022-01-11T04:59:00Z;171.81;171.92;171.92;171.81;3;
a9eb4238-eba9-488c-b102-b6140fd08e38;2022-01-11T05:00:00Z;171.8;171.93;171.93;171.8;4;
a9eb4238-eba9-488c-b102-b6140fd08e38;2022-01-11T05:01:00Z;171.8;171.9;171.9;171.8;3;
a9eb4238-eba9-488c-b102-b6140fd08e38;2022-01-11T05:02:00Z;171.9;171.92;171.92;171.9;21;
a9eb4238-eba9-488c-b102-b6140fd08e38;2022-01-11T05:03:00Z;171.91;171.9;171.91;171.9;7;
a9eb4238-eba9-488c-b102-b6140fd08e38;2022-01-11T05:04:00Z;171.91;171.93;171.93;171.9;11;
a9eb4238-eba9-488c-b102-b6140fd08e38;2022-01-11T05:05:00Z;171.9;171.93;171.93;171.9;6;
a9eb4238-eba9-488c-b102-b6140fd08e38;2022-01-11T05:06:00Z;171.93;171.93;171.93;171.93;13;
a9eb4238-eba9-488c-b102-b6140fd08e38;2022-01-11T05:07:00Z;171.93;171.97;171.97;171.9;24;
a9eb4238-eba9-488c-b102-b6140fd08e38;2022-01-11T05:08:00Z;171.97;171.98;171.98;171.9;33;
a9eb4238-eba9-488c-b102-b6140fd08e38;2022-01-11T05:09:00Z;171.9;171.9;172;171.9;46;
a9eb4238-eba9-488c-b102-b6140fd08e38;2022-01-11T05:11:00Z;171.99;171.95;171.99;171.94;55;
a9eb4238-eba9-488c-b102-b6140fd08e38;2022-01-11T05:12:00Z;171.95;172;172;171.9;75;
a9eb4238-eba9-488c-b102-b6140fd08e38;2022-01-11T05:13:00Z;171.91;171.99;171.99;171.91;4;
a9eb4238-eba9-488c-b102-b6140fd08e38;2022-01-11T05:14:00Z;171.9;171.99;171.99;171.9;15;
a9eb4238-eba9-488c-b102-b6140fd08e38;2022-01-11T05:15:00Z;171.99;172;172;171.99;10;
a9eb4238-eba9-488c-b102-b6140fd08e38;2022-01-11T05:16:00Z;172;171.9;172;171.9;180;
a9eb4238-eba9-488c-b102-b6140fd08e38;2022-01-11T05:17:00Z;171.78;171.7;172;171.7;558;
a9eb4238-eba9-488c-b102-b6140fd08e38;2022-01-11T05:18:00Z;171.8;171.8;171.99;171.8;5;
a9eb4238-eba9-488c-b102-b6140fd08e38;2022-01-11T05:19:00Z;171.8;172;172;171.8;96;
a9eb4238-eba9-488c-b102-b6140fd08e38;2022-01-11T05:20:00Z;172.08;172.08;172.08;172.07;6;
a9eb4238-eba9-488c-b102-b6140fd08e38;2022-01-11T05:21:00Z;172.08;172.08;172.08;172.08;3;
a9eb4238-eba9-488c-b102-b6140fd08e38;2022-01-11T05:22:00Z;172.1;172.18;172.18;172.1;28;
a9eb4238-eba9-488c-b102-b6140fd08e38;2022-01-11T05:23:00Z;172.16;172.16;172.16;172.12;11;
a9eb4238-eba9-488c-b102-b6140fd08e38;2022-01-11T05:24:00Z;172.15;172.14;172.15;172.14;2;
a9eb4238-eba9-488c-b102-b6140fd08e38;2022-01-11T05:25:00Z;172;172.14;172.14;172;4;
a9eb4238-eba9-488c-b102-b6140fd08e38;2022-01-11T05:26:00Z;172.14;172.14;172.16;172.14;15;
a9eb4238-eba9-488c-b102-b6140fd08e38;2022-01-11T05:27:00Z;172.14;172.14;172.14;172.01;14;
a9eb4238-eba9-488c-b102-b6140fd08e38;2022-01-11T05:28:00Z;172.13;172.13;172.13;172.12;7;
a9eb4238-eba9-488c-b102-b6140fd08e38;2022-01-11T05:29:00Z;172.12;172.13;172.13;172.12;29;
a9eb4238-eba9-488c-b102-b6140fd08e38;2022-01-11T05:30:00Z;172.12;172.12;172.12;172.12;2;
a9eb4238-eba9-488c-b102-b6140fd08e38;2022-01-11T05:31:00Z;172.01;172.01;172.13;172.01;26;
a9eb4238-eba9-488c-b102-b6140fd08e38;2022-01-11T05:34:00Z;172;172.01;172.1;172;17;
a9eb4238-eba9-488c-b102-b6140fd08e38;2022-01-11T05:35:00Z;172.13;172.01;172.13;172.01;8;
a9eb4238-eba9-488c-b102-b6140fd08e38;2022-01-11T05:36:00Z;172.01;171.96;172.01;171.72;73;
a9eb4238-eba9-488c-b102-b6140fd08e38;2022-01-11T05:37:00Z;171.73;171.91;171.91;171.73;5;
a9eb4238-eba9-488c-b102-b6140fd08e38;2022-01-11T05:38:00Z;171.93;171.93;171.93;171.93;11;
a9eb4238-eba9-488c-b102-b6140fd08e38;2022-01-11T05:39:00Z;171.93;171.93;171.93;171.92;11;
a9eb4238-eba9-488c-b102-b6140fd08e38;2022-01-11T05:40:00Z;171.78;172;172;171.78;149;
a9eb4238-eba9-488c-b102-b6140fd08e38;2022-01-11T05:41:00Z;171.8;171.98;171.98;171.8;2;
a9eb4238-eba9-488c-b102-b6140fd08e38;2022-01-11T05:42:00Z;171.99;171.99;171.99;171.99;2;
a9eb4238-eba9-488c-b102-b6140fd08e38;2022-01-11T05:43:00Z;171.99;172;172;171.82;11;
a9eb4238-eba9-488c-b102-b6140fd08e38;2022-01-11T05:44:00Z;172;171.99;172;171.81;28;
a9eb4238-eba9-488c-b102-b6140fd08e38;2022-01-11T05:46:00Z;171.99;171.99;172.05;171.98;836;
a9eb4238-eba9-488c-b102-b6140fd08e38;2022-01-11T05:47:00Z;171.83;171.81;171.98;171.81;41;
a9eb4238-eba9-488c-b102-b6140fd08e38;2022-01-11T05:48:00Z;171.98;171.98;171.98;171.98;2;
a9eb4238-eba9-488c-b102-b6140fd08e38;2022-01-11T05:49:00Z;171.98;171.99;171.99;171.98;6;
a9eb4238-eba9-488c-b102-b6140fd08e38;2022-01-11T05:50:00Z;171.99;171.91;171.99;171.91;6;
a9eb4238-eba9-488c-b102-b6140fd08e38;2022-01-11T05:51:00Z;171.87;171.98;171.98;171.87;49;
a9eb4238-eba9-488c-b102-b6140fd08e38;2022-01-11T05:52:00Z;171.99;171.98;171.99;171.87;4;
a9eb4238-eba9-488c-b102-b6140fd08e38;2022-01-11T05:53:00Z;171.98;171.98;171.98;171.98;5;
a9eb4238-eba9-488c-b102-b6140fd08e38;2022-01-11T05:54:00Z;171.98;171.98;171.98;171.86;30;
a9eb4238-eba9-488c-b102-b6140fd08e38;2022-01-11T05:55:00Z;171.87;171.87;171.87;171.87;10;
a9eb4238-eba9-488c-b102-b6140fd08e38;2022-01-11T05:56:00Z;171.86;171.99;171.99;171.86;44;
a9eb4238-eba9-488c-b102-b6140fd08e38;2022-01-11T05:57:00Z;171.86;171.8;171.97;171.8;31;
a9eb4238-eba9-488c-b102-b6140fd08e38;2022-01-11T05:58:00Z;171.8;171.79;171.8;171.78;33;
a9eb4238-eba9-488c-b102-b6140fd08e38;2022-01-11T05:59:00Z;171.98;171.98;171.98;171.79;10;
a9eb4238-eba9-488c-b102-b6140fd08e38;2022-01-11T06:00:00Z;171.98;171.98;171.98;171.98;4;
a9eb4238-eba9-488c-b102-b6140fd08e38;2022-01-11T06:01:00Z;171.85;171.96;171.98;171.85;54;
a9eb4238-eba9-488c-b102-b6140fd08e38;2022-01-11T06:02:00Z;171.99;172;172;171.97;49;
a9eb4238-eba9-488c-b102-b6140fd08e38;2022-01-11T06:03:00Z;172;172;172;172;4;
a9eb4238-eba9-488c-b102-b6140fd08e38;2022-01-11T06:04:00Z;171.99;171.99;172;171.99;44;
a9eb4238-eba9-488c-b102-b6140fd08e38;2022-01-11T06:05:00Z;171.8;171.98;171.98;171.8;3;
a9eb4238-eba9-488c-b102-b6140fd08e38;2022-01-11T06:06:00Z;171.98;171.99;171.99;171.85;14;
a9eb4238-eba9-488c-b102-b6140fd08e38;2022-01-11T06:08:00Z;171.99;171.99;171.99;171.99;2;
a9eb4238-eba9-488c-b102-b6140fd08e38;2022-01-11T06:09:00Z;171.99;171.99;171.99;171.99;2;
a9eb4238-eba9-488c-b102-b6140fd08e38;2022-01-11T06:10:00Z;171.99;171.99;171.99;171.99;17;
a9eb4238-eba9-488c-b102-b6140fd08e38;2022-01-11T06:11:00Z;171.99;172;172;171.89;33;
a9eb4238-eba9-488c-b102-b6140fd08e38;2022-01-11T06:12:00Z;172;172.14;172.15;172;610;
a9eb4238-eba9-488c-b102-b6140fd08e38;2022-01-11T06:13:00Z;172.15;172.15;172.15;172.14;51;
a9eb4238-eba9-488c-b102-b6140fd08e38;2022-01-11T06:14:00Z;172.15;172.14;172.15;172.14;7;
a9eb4238-eba9-488c-b102-b6140fd08e38;2022-01-11T06:15:00Z;172.15;172.2;172.24;172.14;433;
a9eb4238-eba9-488c-b102-b6140fd08e38;2022-01-11T06:16:00Z;172.2;172.37;172.37;172.2;55;
a9eb4238-eba9-488c-b102-b6140fd08e38;2022-01-11T06:17:00Z;172.38;172.37;172.39;172.37;153;
a9eb4238-eba9-488c-b102-b6140fd08e38;2022-01-11T06:18:00Z;172.09;172.3;172.3;172.09;68;
a9eb4238-eba9-488c-b102-b6140fd08e38;2022-01-11T06:19:00Z;172.38;172.37;172.38;172.21;7;
a9eb4238-eba9-488c-b102-b6140fd08e38;2022-01-11T06:20:00Z;172.37;172.38;172.38;172.35;19;
a9eb4238-eba9-488c-b102-b6140fd08e38;2022-01-11T06:21:00Z;172.35;172.21;172.35;172.21;30;
a9eb4238-eba9-488c-b102-b6140fd08e38;2022-01-11T06:22:00Z;172.21;172.03;172.21;172.03;39;
a9eb4238-eba9-488c-b102-b6140fd08e38;2022-01-11T06:23:00Z;172.05;172.06;172.06;172.05;4;
a9eb4238-eba9-488c-b102-b6140fd08e38;2022-01-11T06:24:00Z;172.05;172.05;172.2;172.05;21;
a9eb4238-eba9-488c-b102-b6140fd08e38;2022-01-11T06:25:00Z;172.19;172.06;172.19;172.06;6;
a9eb4238-eba9-488c-b102-b6140fd08e38;2022-01-11T06:26:00Z;172.2;172.06;172.2;172.06;39;
a9eb4238-eba9-488c-b102-b6140fd08e38;2022-01-11T06:29:00Z;172.2;172.2;172.2;172.06;14;
a9eb4238-eba9-488c-b102-b6140fd08e38;2022-01-11T06:30:00Z;172.2;172.06;172.2;172.05;22;
a9eb4238-eba9-488c-b102-b6140fd08e38;2022-01-11T06:31:00Z;172.2;172.2;172.2;172.2;7;
a9eb4238-eba9-488c-b102-b6140fd08e38;2022-01-11T06:32:00Z;172.06;172.2;172.2;172.05;69;
a9eb4238-eba9-488c-b102-b6140fd08e38;2022-01-11T06:33:00Z;172.2;172.2;172.2;172.2;17;
a9eb4238-eba9-488c-b102-b6140fd08e38;2022-01-11T06:34:00Z;172.2;172.2;172.2;172.19;7;
a9eb4238-eba9-488c-b102-b6140fd08e38;2022-01-11T06:35:00Z;172.2;172.2;172.2;172.2;2;
a9eb4238-eba9-488c-b102-b6140fd08e38;2022-01-11T06:36:00Z;172.2;172.2;172.2;172.2;6;
a9eb4238-eba9-488c-b102-b6140fd08e38;2022-01-11T06:37:00Z;172.12;172.11;172.2;172.11;11;
a9eb4238-eba9-488c-b102-b6140fd08e38;2022-01-11T06:38:00Z;172.11;172.1;172.2;172.05;130;
a9eb4238-eba9-488c-b102-b6140fd08e38;2022-01-11T06:39:00Z;172.1;172.19;172.19;172.1;4;
a9eb4238-eba9-488c-b102-b6140fd08e38;2022-01-11T06:40:00Z;172.05;172.06;172.1;172.05;16;
a9eb4238-eba9-488c-b102-b6140fd08e38;2022-01-11T06:41:00Z;172.07;172.2;172.2;172.07;21;
a9eb4238-eba9-488c-b102-b6140fd08e38;2022-01-11T06:42:00Z;172.2;172.08;172.2;172.08;8;
a9eb4238-eba9-488c-b102-b6140fd08e38;2022-01-11T06:43:00Z;172.09;172.2;172.2;172.09;18;
a9eb4238-eba9-488c-b102-b6140fd08e38;2022-01-11T06:44:00Z;172.06;172.2;172.29;172.06;110;
a9eb4238-eba9-488c-b102-b6140fd08e38;2022-01-11T06:45:00Z;172.11;172.11;172.2;172.11;44;
a9eb4238-eba9-488c-b102-b6140fd08e38;2022-01-11T06:46:00Z;172.11;172.29;172.38;172.11;542;
a9eb4238-eba9-488c-b102-b6140fd08e38;2022-01-11T06:47:00Z;172.36;172.36;172.36;172.36;2;
a9eb4238-eba9-488c-b102-b6140fd08e38;2022-01-11T06:48:00Z;172.36;172.28;172.36;172.28;22;
a9eb4238-eba9-488c-b102-b6140fd08e38;2022-01-11T06:49:00Z;172.28;172.3;172.3;172.27;78;
a9eb4238-eba9-488c-b102-b6140fd08e38;2022-01-11T06:50:00Z;172.3;172.29;172.3;172.29;12;
a9eb4238-eba9-488c-b102-b6140fd08e38;2022-01-11T06:51:00Z;172.29;172.29;172.3;172.26;41;
a9eb4238-eba9-488c-b102-b6140fd08e38;2022-01-11T06:53:00Z;172.27;172.29;172.3;172.27;88;
a9eb4238-eba9-488c-b102-b6140fd08e38;2022-01-11T06:54:00Z;172.29;172.29;172.29;172.26;13;
a9eb4238-eba9-488c-b102-b6140fd08e38;2022-01-11T06:55:00Z;172.29;172.3;172.35;172.29;10;
a9eb4238-eba9-488c-b102-b6140fd08e38;2022-01-11T06:56:00Z;172.3;172.41;172.47;172.3;50;
a9eb4238-eba9-488c-b102-b6140fd08e38;2022-01-11T06:57:00Z;172.4;172.29;172.4;172.29;20;
a9eb4238-eba9-488c-b102-b6140fd08e38;2022-01-11T06:59:00Z;172.3;172.44;172.45;172.3;24;
a9eb4238-eba9-488c-b102-b6140fd08e38;2022-01-11T07:00:00Z;172.4;172.46;172.46;172.4;51;
a9eb4238-eba9-488c-b102-b6140fd08e38;2022-01-11T07:01:00Z;172.63;172.5;172.63;172.4;289;
a9eb4238-eba9-488c-b102-b6140fd08e38;2022-01-11T07:02:00Z;172.6;172.54;172.6;172.5;101;
a9eb4238-eba9-488c-b102-b6140fd08e38;2022-01-11T07:03:00Z;172.54;172.53;172.6;172.38;80;
a9eb4238-eba9-488c-b102-b6140fd08e38;2022-01-11T07:04:00Z;172.49;172.49;172.55;172.48;18;
a9eb4238-eba9-488c-b102-b6140fd08e38;2022-01-11T07:05:00Z;172.38;172.31;172.5;172.31;84;
a9eb4238-eba9-488c-b102-b6140fd08e38;2022-01-11T07:06:00Z;172.27;172.38;172.49;172.25;522;
a9eb4238-eba9-488c-b102-b6140fd08e38;2022-01-11T07:07:00Z;172.53;172.3;172.53;172.3;42;
a9eb4238-eba9-488c-b102-b6140fd08e38;2022-01-11T07:08:00Z;172.3;172.48;172.48;172.3;6;
a9eb4238-eba9-488c-b102-b6140fd08e38;2022-01-11T07:09:00Z;172.49;172.5;172.5;172.26;143;
a9eb4238-eba9-488c-b102-b6140fd08e38;2022-01-11T07:10:00Z;172.35;172.48;172.48;172.3;30;
a9eb4238-eba9-488c-b102-b6140fd08e38;2022-01-11T07:11:00Z;172.35;172.35;172.35;172.29;98;
a9eb4238-eba9-488c-b102-b6140fd08e38;2022-01-11T07:12:00Z;172.35;172.49;172.5;172.35;17;
a9eb4238-eba9-488c-b102-b6140fd08e38;2022-01-11T07:13:00Z;172.5;172.5;172.5;172.36;8;
a9eb4238-eba9-488c-b102-b6140fd08e38;2022-01-11T07:14:00Z;172.5;172.5;172.5;172.35;22;
a9eb4238-eba9-488c-b102-b6140fd08e38;2022-01-11T07:15:00Z;172.5;172.36;172.5;172.36;59;
a9eb4238-eba9-488c-b102-b6140fd08e38;2022-01-11T07:16:00Z;172.49;172.5;172.5;172.49;43;
a9eb4238-eba9-488c-b102-b6140fd08e38;2022-01-11T07:17:00Z;172.49;172.46;172.5;172.35;29;
a9eb4238-eba9-488c-b102-b6140fd08e38;2022-01-11T07:18:00Z;172.42;172.5;172.5;172.35;28;
a9eb4238-eba9-488c-b102-b6140fd08e38;2022-01-11T07:19:00Z;172.49;172.48;172.5;172.36;40;
a9eb4238-eba9-488c-b102-b6140fd08e38;2022-01-11T07:20:00Z;172.42;172.42;172.42;172.42;12;
a9eb4238-eba9-488c-b102-b6140fd08e38;2022-01-11T07:21:00Z;172.42;172.5;172.5;172.42;82;
a9eb4238-eba9-488c-b102-b6140fd08e38;2022-01-11T07:22:00Z;172.49;172.5;172.5;172.42;12;
a9eb4238-eba9-488c-b102-b6140fd08e38;2022-01-11T07:23:00Z;172.5;172.5;172.5;172.45;22;
a9eb4238-eba9-488c-b102-b6140fd08e38;2022-01-11T07:24:00Z;172.5;172.5;172.5;172.44;280;
a9eb4238-eba9-488c-b102-b6140fd08e38;2022-01-11T07:25:00Z;172.5;172.59;172.59;172.5;10;
a9eb4238-eba9-488c-b102-b6140fd08e38;2022-01-11T07:26:00Z;172.5;172.42;172.6;172.42;49;
a9eb4238-eba9-488c-b102-b6140fd08e38;2022-01-11T07:27:00Z;172.64;172.65;172.65;172.64;33;
a9eb4238-eba9-488c-b102-b6140fd08e38;2022-01-11T07:28:00Z;172.65;172.65;172.65;172.65;117;
a9eb4238-eba9-488c-b102-b6140fd08e38;2022-01-11T07:29:00Z;172.65;172.65;172.65;172.64;163;
a9eb4238-eba9-488c-b102-b6140fd08e38;2022-01-11T07:30:00Z;172.69;172.7;172.7;172.62;36;
a9eb4238-eba9-488c-b102-b6140fd08e38;2022-01-11T07:31:00Z;172.69;172.69;172.69;172.69;9;
a9eb4238-eba9-488c-b102-b6140fd08e38;2022-01-11T07:32:00Z;172.69;172.6;172.69;172.6;75;
a9eb4238-eba9-488c-b102-b6140fd08e38;2022-01-11T07:33:00Z;172.69;172.69;172.69;172.69;71;
a9eb4238-eba9-488c-b102-b6140fd08e38;2022-01-11T07:34:00Z;172.69;172.69;172.69;172.61;10;
a9eb4238-eba9-488c-b102-b6140fd08e38;2022-01-11T07:35:00Z;172.69;172.68;172.69;172.68;8;
a9eb4238-eba9-488c-b102-b6140fd08e38;2022-01-11T07:36:00Z;172.69;172.69;172.69;172.6;204;
a9eb4238-eba9-488c-b102-b6140fd08e38;2022-01-11T07:37:00Z;172.61;172.62;172.69;172.61;81;
a9eb4238-eba9-488c-b102-b6140fd08e38;2022-01-11T07:38:00Z;172.69;172.69;172.69;172.68;36;
a9eb4238-eba9-488c-b102-b6140fd08e38;2022-01-11T07:39:00Z;172.62;172.69;172.69;172.62;18;
a9eb4238-eba9-488c-b102-b6140fd08e38;2022-01-11T07:40:00Z;172.69;172.79;172.8;172.62;314;
a9eb4238-eba9-488c-b102-b6140fd08e38;2022-01-11T07:41:00Z;172.77;172.73;172.78;172.64;74;
a9eb4238-eba9-488c-b102-b6140fd08e38;2022-01-11T07:42:00Z;172.78;172.78;172.78;172.64;216;
a9eb4238-eba9-488c-b102-b6140fd08e38;2022-01-11T07:43:00Z;172.64;172.73;172.77;172.64;67;
a9eb4238-eba9-488c-b102-b6140fd08e38;2022-01-11T07:44:00Z;172.72;172.77;172.78;172.65;7;
a9eb4238-eba9-488c-b102-b6140fd08e38;2022-01-11T07:45:00Z;172.65;172.51;172.65;172.46;1511;
a9eb4238-eba9-488c-b102-b6140fd08e38;2022-01-11T07:46:00Z;172.51;172.43;172.51;172.41;1025;
a9eb4238-eba9-488c-b102-b6140fd08e38;2022-01-11T07:47:00Z;172.43;172.45;172.5;172.43;699;
a9eb4238-eba9-488c-b102-b6140fd08e38;2022-01-11T07:48:00Z;172.5;172.4;172.5;172.4;345;
a9eb4238-eba9-488c-b102-b6140fd08e38;2022-01-11T07:49:00Z;172.4;172.41;172.5;172.39;142;
a9eb4238-eba9-488c-b102-b6140fd08e38;2022-01-11T07:50:00Z;172.42;172.43;172.43;172.37;288;
a9eb4238-eba9-488c-b102-b6140fd08e38;2022-01-11T07:51:00Z;172.41;172.4;172.41;172.35;251;
a9eb4238-eba9-488c-b102-b6140fd08e38;2022-01-11T07:52:00Z;172.35;172.35;172.4;172.35;407;
a9eb4238-eba9-488c-b102-b6140fd08e38;2022-01-11T07:53:00Z;172.39;172.31;172.42;172.2;395;
a9eb4238-eba9-488c-b102-b6140fd08e38;2022-01-11T07:54:00Z;172.21;172.2;172.31;172.2;262;
a9eb4238-eba9-488c-b102-b6140fd08e38;2022-01-11T07:55:00Z;172.27;172.27;172.28;172.2;395;
a9eb4238-eba9-488c-b102-b6140fd08e38;2022-01-11T07:56:00Z;172.27;172.3;172.4;172.21;169;
a9eb4238-eba9-488c-b102-b6140fd08e38;2022-01-11T07:57:00Z;172.39;172.29;172.4;172.22;90;
a9eb4238-eba9-488c-b102-b6140fd08e38;2022-01-11T07:58:00Z;172.22;172.25;172.4;172.22;49;
a9eb4238-eba9-488c-b102-b6140fd08e38;2022-01-11T07:59:00Z;172.38;172.28;172.49;172.26;348;
a9eb4238-eba9-488c-b102-b6140fd08e38;2022-01-11T08:00:00Z;172.27;172.4;172.48;172.27;143;
a9eb4238-eba9-488c-b102-b6140fd08e38;2022-01-11T08:01:00Z;172.3;172.4;172.46;172.3;165;
a9eb4238-eba9-488c-b102-b6140fd08e38;2022-01-11T08:02:00Z;172.4;172.31;172.4;172.3;26;
a9eb4238-eba9-488c-b102-b6140fd08e38;2022-01-11T08:03:00Z;172.38;172.39;172.4;172.31;72;
a9eb4238-eba9-488c-b102-b6140fd08e38;2022-01-11T08:04:00Z;172.39;172.4;172.4;172.39;52;
a9eb4238-eba9-488c-b102-b6140fd08e38;2022-01-11T08:05:00Z;172.31;172.41;172.41;172.3;216;
a9eb4238-eba9-488c-b102-b6140fd08e38;2022-01-11T08:06:00Z;172.48;172.48;172.48;172.4;56;
a9eb4238-eba9-488c-b102-b6140fd08e38;2022-01-11T08:07:00Z;172.48;172.3;172.53;172.3;738;
a9eb4238-eba9-488c-b102-b6140fd08e38;2022-01-11T08:08:00Z;172.3;172.24;172.41;172.2;175;
a9eb4238-eba9-488c-b102-b6140fd08e38;2022-01-11T08:09:00Z;172.24;172.23;172.24;172.2;162;
a9eb4238-eba9-488c-b102-b6140fd08e38;2022-01-11T08:10:00Z;172.23;172.23;172.34;172.23;175;
a9eb4238-eba9-488c-b102-b6140fd08e38;2022-01-11T08:11:00Z;172.34;172.34;172.35;172.27;23;
a9eb4238-eba9-488c-b102-b6140fd08e38;2022-01-11T08:12:00Z;172.28;172.34;172.34;172.27;57;
a9eb4238-eba9-488c-b102-b6140fd08e38;2022-01-11T08:13:00Z;172.34;172.38;172.4;172.27;225;
a9eb4238-eba9-488c-b102-b6140fd08e38;2022-01-11T08:14:00Z;172.38;172.37;172.38;172.31;123;
a9eb4238-eba9-488c-b102-b6140fd08e38;2022-01-11T08:15:00Z;172.37;172.37;172.37;172.33;68;
a9eb4238-eba9-488c-b102-b6140fd08e38;2022-01-11T08:16:00Z;172.33;172.37;172.37;172.33;91;
a9eb4238-eba9-488c-b102-b6140fd08e38;2022-01-11T08:17:00Z;172.37;172.44;172.44;172.33;56;
a9eb4238-eba9-488c-b102-b6140fd08e38;2022-01-11T08:18:00Z;172.44;172.44;172.44;172.36;52;
a9eb4238-eba9-488c-b102-b6140fd08e38;2022-01-11T08:19:00Z;172.41;172.44;172.44;172.36;59;
a9eb4238-eba9-488c-b102-b6140fd08e38;2022-01-11T08:20:00Z;172.44;172.44;172.44;172.41;22;
a9eb4238-eba9-488c-b102-b6140fd08e38;2022-01-11T08:21:00Z;172.44;172.48;172.48;172.43;75;
a9eb4238-eba9-488c-b102-b6140fd08e38;2022-01-11T08:22:00Z;172.48;172.43;172.48;172.43;43;
a9eb4238-eba9-488c-b102-b6140fd08e38;2022-01-11T08:23:00Z;172.45;172.43;172.48;172.41;96;
a9eb4238-eba9-488c-b102-b6140fd08e38;2022-01-11T08:24:00Z;172.43;172.48;172.48;172.43;22;
a9eb4238-eba9-488c-b102-b6140fd08e38;2022-01-11T08:25:00Z;172.47;172.35;172.47;172.35;64;
a9eb4238-eba9-488c-b102-b6140fd08e38;2022-01-11T08:26:00Z;172.35;172.28;172.35;172.27;45;
a9eb4238-eba9-488c-b102-b6140fd08e38;2022-01-11T08:27:00Z;172.27;172.27;172.27;172.19;43;
a9eb4238-eba9-488c-b102-b6140fd08e38;2022-01-11T08:28:00Z;172.29;172.27;172.29;172.19;97;
a9eb4238-eba9-488c-b102-b6140fd08e38;2022-01-11T08:29:00Z;172.25;172.28;172.4;172.23;94;
a9eb4238-eba9-488c-b102-b6140fd08e38;2022-01-11T08:30:00Z;172.28;172.28;172.4;172.28;45;
a9eb4238-eba9-488c-b102-b6140fd08e38;2022-01-11T08:31:00Z;172.24;172.21;172.35;172.21;72;
a9eb4238-eba9-488c-b102-b6140fd08e38;2022-01-11T08:32:00Z;172.33;172.2;172.34;172.2;30;
a9eb4238-eba9-488c-b102-b6140fd08e38;2022-01-11T08:33:00Z;172.21;172.2;172.33;172.2;30;
a9eb4238-eba9-488c-b102-b6140fd08e38;2022-01-11T08:34:00Z;172.2;171.99;172.2;171.99;598;
a9eb4238-eba9-488c-b102-b6140fd08e38;2022-01-11T08:35:00Z;172;172.06;172.1;171.99;464;
a9eb4238-eba9-488c-b102-b6140fd08e38;2022-01-11T08:36:00Z;172;172.03;172.16;171.99;672;
a9eb4238-eba9-488c-b102-b6140fd08e38;2022-01-11T08:37:00Z;172.1;172.1;172.1;172;175;
a9eb4238-eba9-488c-b102-b6140fd08e38;2022-01-11T08:38:00Z;172;172;172.14;172;238;
a9eb4238-eba9-488c-b102-b6140fd08e38;2022-01-11T08:39:00Z;172.13;172.09;172.14;171.99;278;
a9eb4238-eba9-488c-b102-b6140fd08e38;2022-01-11T08:40:00Z;171.99;172.14;172.14;171.99;19;
a9eb4238-eba9-488c-b102-b6140fd08e38;2022-01-11T08:41:00Z;172.14;172.2;172.2;172.06;245;
a9eb4238-eba9-488c-b102-b6140fd08e38;2022-01-11T08:42:00Z;172.2;172.2;172.25;172.12;180;
a9eb4238-eba9-488c-b102-b6140fd08e38;2022-01-11T08:43:00Z;172.19;172.18;172.24;172.18;12;
a9eb4238-eba9-488c-b102-b6140fd08e38;2022-01-11T08:44:00Z;172.18;172.25;172.3;172.18;92;
a9eb4238-eba9-488c-b102-b6140fd08e38;2022-01-11T08:45:00Z;172.3;172.3;172.3;172.29;122;
a9eb4238-eba9-488c-b102-b6140fd08e38;2022-01-11T08:46:00Z;172.32;172.38;172.38;172.3;28;
a9eb4238-eba9-488c-b102-b6140fd08e38;2022-01-11T08:47:00Z;172.38;172.38;172.38;172.34;183;
a9eb4238-eba9-488c-b102-b6140fd08e38;2022-01-11T08:48:00Z;172.3;172.38;172.38;172.27;53;
a9eb4238-eba9-488c-b102-b6140fd08e38;2022-01-11T08:49:00Z;172.38;172.38;172.38;172.37;36;
a9eb4238-eba9-488c-b102-b6140fd08e38;2022-01-11T08:50:00Z;172.38;172.34;172.38;172.31;34;
a9eb4238-eba9-488c-b102-b6140fd08e38;2022-01-11T08:51:00Z;172.38;172.31;172.38;172.3;41;
a9eb4238-eba9-488c-b102-b6140fd08e38;2022-01-11T08:52:00Z;172.36;172.32;172.4;172.29;59;
a9eb4238-eba9-488c-b102-b6140fd08e38;2022-01-11T08:53:00Z;172.31;172.27;172.31;172.27;35;
a9eb4238-eba9-488c-b102-b6140fd08e38;2022-01-11T08:54:00Z;172.27;172.26;172.38;172.26;76;
a9eb4238-eba9-488c-b102-b6140fd08e38;2022-01-11T08:55:00Z;172.27;172.25;172.34;172.25;31;
a9eb4238-eba9-488c-b102-b6140fd08e38;2022-01-11T08:56:00Z;172.23;172.19;172.26;172.19;172;
a9eb4238-eba9-488c-b102-b6140fd08e38;2022-01-11T08:57:00Z;172.24;172.3;172.3;172.23;14;
a9eb4238-eba9-488c-b102-b6140fd08e38;2022-01-11T08:58:00Z;172.3;172.32;172.33;172.3;38;
a9eb4238-eba9-488c-b102-b6140fd08e38;2022-01-11T08:59:00Z;172.33;172.38;172.38;172.32;31;
a9eb4238-eba9-488c-b102-b6140fd08e38;2022-01-11T09:00:00Z;172.4;172.4;172.41;172.33;184;
a9eb4238-eba9-488c-b102-b6140fd08e38;2022-01-11T09:01:00Z;172.55;172.64;172.64;172.44;978;
a9eb4238-eba9-488c-b102-b6140fd08e38;2022-01-11T09:02:00Z;172.64;172.65;172.72;172.64;644;
a9eb4238-eba9-488c-b102-b6140fd08e38;2022-01-11T09:03:00Z;172.65;172.71;172.71;172.6;77;
a9eb4238-eba9-488c-b102-b6140fd08e38;2022-01-11T09:04:00Z;172.71;172.73;172.73;172.71;74;
a9eb4238-eba9-488c-b102-b6140fd08e38;2022-01-11T09:05:00Z;172.71;172.6;172.73;172.6;287;
a9eb4238-eba9-488c-b102-b6140fd08e38;2022-01-11T09:06:00Z;172.56;172.48;172.58;172.38;78;
a9eb4238-eba9-488c-b102-b6140fd08e38;2022-01-11T09:07:00Z;172.47;172.47;172.47;172.39;4;
a9eb4238-eba9-488c-b102-b6140fd08e38;2022-01-11T09:08:00Z;172.49;172.48;172.49;172.45;11;
a9eb4238-eba9-488c-b102-b6140fd08e38;2022-01-11T09:09:00Z;172.48;172.48;172.58;172.48;64;
a9eb4238-eba9-488c-b102-b6140fd08e38;2022-01-11T09:10:00Z;172.46;172.59;172.6;172.46;57;
a9eb4238-eba9-488c-b102-b6140fd08e38;2022-01-11T09:11:00Z;172.59;172.59;172.6;172.47;44;
a9eb4238-eba9-488c-b102-b6140fd08e38;2022-01-11T09:12:00Z;172.5;172.5;172.59;172.5;79;
a9eb4238-eba9-488c-b102-b6140fd08e38;2022-01-11T09:13:00Z;172.6;172.6;172.6;172.52;32;
a9eb4238-eba9-488c-b102-b6140fd08e38;2022-01-11T09:14:00Z;172.6;172.59;172.65;172.52;155;
a9eb4238-eba9-488c-b102-b6140fd08e38;2022-01-11T09:15:00Z;172.64;172.6;172.65;172.58;59;
a9eb4238-eba9-488c-b102-b6140fd08e38;2022-01-11T09:16:00Z;172.6;172.63;172.78;172.58;139;
a9eb4238-eba9-488c-b102-b6140fd08e38;2022-01-11T09:17:00Z;172.67;172.82;172.88;172.67;278;
a9eb4238-eba9-488c-b102-b6140fd08e38;2022-01-11T09:18:00Z;172.88;172.82;172.88;172.82;55;
a9eb4238-eba9-488c-b102-b6140fd08e38;2022-01-11T09:19:00Z;172.88;172.88;172.88;172.82;43;
a9eb4238-eba9-488c-b102-b6140fd08e38;2022-01-11T09:20:00Z;172.82;172.87;172.88;172.78;37;
a9eb4238-eba9-488c-b102-b6140fd08e38;2022-01-11T09:21:00Z;172.87;172.86;172.87;172.79;27;
a9eb4238-eba9-488c-b102-b6140fd08e38;2022-01-11T09:22:00Z;172.87;172.94;173;172.87;825;
a9eb4238-eba9-488c-b102-b6140fd08e38;2022-01-11T09:23:00Z;173;173.11;173.2;172.99;689;
a9eb4238-eba9-488c-b102-b6140fd08e38;2022-01-11T09:24:00Z;173.2;173.29;173.31;173.2;460;
a9eb4238-eba9-488c-b102-b6140fd08e38;2022-01-11T09:25:00Z;173.31;173.3;173.31;173.27;459;
a9eb4238-eba9-488c-b102-b6140fd08e38;2022-01-11T09:26:00Z;173.3;173.34;173.35;173.27;396;
a9eb4238-eba9-488c-b102-b6140fd08e38;2022-01-11T09:27:00Z;173.27;173.27;173.35;173.25;170;
a9eb4238-eba9-488c-b102-b6140fd08e38;2022-01-11T09:28:00Z;173.35;173.41;173.44;173.27;247;
a9eb4238-eba9-488c-b102-b6140fd08e38;2022-01-11T09:29:00Z;173.41;173.45;173.45;173.32;118;
a9eb4238-eba9-488c-b102-b6140fd08e38;2022-01-11T09:30:00Z;173.45;173.45;173.46;173.34;280;
a9eb4238-eba9-488c-b102-b6140fd08e38;2022-01-11T09:31:00Z;173.44;173.46;173.46;173.32;196;
a9eb4238-eba9-488c-b102-b6140fd08e38;2022-01-11T09:32:00Z;173.45;173.5;173.5;173.45;662;
a9eb4238-eba9-488c-b102-b6140fd08e38;2022-01-11T09:33:00Z;173.49;173.48;173.49;173.45;73;
a9eb4238-eba9-488c-b102-b6140fd08e38;2022-01-11T09:34:00Z;173.49;173.5;173.5;173.49;110;
a9eb4238-eba9-488c-b102-b6140fd08e38;2022-01-11T09:35:00Z;173.5;173.5;173.5;173.47;123;
a9eb4238-eba9-488c-b102-b6140fd08e38;2022-01-11T09:36:00Z;173.5;173.5;173.6;173.5;61;
a9eb4238-eba9-488c-b102-b6140fd08e38;2022-01-11T09:37:00Z;173.59;173.6;173.6;173.51;168;
a9eb4238-eba9-488c-b102-b6140fd08e38;2022-01-11T09:38:00Z;173.6;173.65;173.65;173.59;254;
a9eb4238-eba9-488c-b102-b6140fd08e38;2022-01-11T09:39:00Z;173.63;173.7;173.7;173.63;97;
a9eb4238-eba9-488c-b102-b6140fd08e38;2022-01-11T09:40:00Z;173.65;173.69;173.7;173.65;233;
a9eb4238-eba9-488c-b102-b6140fd08e38;2022-01-11T09:41:00Z;173.72;173.8;173.85;173.7;1065;
a9eb4238-eba9-488c-b102-b6140fd08e38;2022-01-11T09:42:00Z;173.71;173.7;173.82;173.7;128;
a9eb4238-eba9-488c-b102-b6140fd08e38;2022-01-11T09:43:00Z;173.7;173.76;173.77;173.7;82;
a9eb4238-eba9-488c-b102-b6140fd08e38;2022-01-11T09:44:00Z;173.73;173.72;173.76;173.72;215;
a9eb4238-eba9-488c-b102-b6140fd08e38;2022-01-11T09:45:00Z;173.76;173.76;173.76;173.7;312;
a9eb4238-eba9-488c-b102-b6140fd08e38;2022-01-11T09:46:00Z;173.75;173.74;173.75;173.65;59;
a9eb4238-eba9-488c-b102-b6140fd08e38;2022-01-11T09:47:00Z;173.74;173.66;173.75;173.64;420;
a9eb4238-eba9-488c-b102-b6140fd08e38;2022-01-11T09:48:00Z;173.73;173.62;173.73;173.6;242;
a9eb4238-eba9-488c-b102-b6140fd08e38;2022-01-11T09:49:00Z;173.63;173.66;173.7;173.63;153;
a9eb4238-eba9-488c-b102-b6140fd08e38;2022-01-11T09:50:00Z;173.73;173.75;173.75;173.66;176;
a9eb4238-eba9-488c-b102-b6140fd08e38;2022-01-11T09:51:00Z;173.82;173.83;173.83;173.71;308;
a9eb4238-eba9-488c-b102-b6140fd08e38;2022-01-11T09:52:00Z;173.85;173.95;173.98;173.8;481;
a9eb4238-eba9-488c-b102-b6140fd08e38;2022-01-11T09:53:00Z;173.81;173.92;173.95;173.81;69;
a9eb4238-eba9-488c-b102-b6140fd08e38;2022-01-11T09:54:00Z;173.9;173.9;173.92;173.81;88;
a9eb4238-eba9-488c-b102-b6140fd08e38;2022-01-11T09:55:00Z;173.9;173.92;173.92;173.9;71;
a9eb4238-eba9-488c-b102-b6140fd08e38;2022-01-11T09:56:00Z;173.92;173.82;173.92;173.82;129;
a9eb4238-eba9-488c-b102-b6140fd08e38;2022-01-11T09:57:00Z;173.87;173.8;173.9;173.8;134;
a9eb4238-eba9-488c-b102-b6140fd08e38;2022-01-11T09:58:00Z;173.8;173.74;173.8;173.65;234;
a9eb4238-eba9-488c-b102-b6140fd08e38;2022-01-11T09:59:00Z;173.66;173.66;173.7;173.65;77;
a9eb4238-eba9-488c-b102-b6140fd08e38;2022-01-11T10:00:00Z;173.66;173.65;173.7;173.65;114;
a9eb4238-eba9-488c-b102-b6140fd08e38;2022-01-11T10:01:00Z;173.65;173.69;173.73;173.64;126;
a9eb4238-eba9-488c-b102-b6140fd08e38;2022-01-11T10:02:00Z;173.65;173.65;173.7;173.65;96;
a9eb4238-eba9-488c-b102-b6140fd08e38;2022-01-11T10:03:00Z;173.64;173.76;173.76;173.64;72;
a9eb4238-eba9-488c-b102-b6140fd08e38;2022-01-11T10:04:00Z;173.71;173.89;173.89;173.71;1060;
a9eb4238-eba9-488c-b102-b6140fd08e38;2022-01-11T10:05:00Z;173.89;173.91;173.92;173.8;287;
a9eb4238-eba9-488c-b102-b6140fd08e38;2022-01-11T10:06:00Z;173.92;173.94;173.94;173.92;177;
a9eb4238-eba9-488c-b102-b6140fd08e38;2022-01-11T10:07:00Z;173.95;173.96;173.98;173.95;186;
a9eb4238-eba9-488c-b102-b6140fd08e38;2022-01-11T10:08:00Z;173.98;173.97;173.99;173.97;105;
a9eb4238-eba9-488c-b102-b6140fd08e38;2022-01-11T10:09:00Z;173.99;173.99;173.99;173.97;93;
a9eb4238-eba9-488c-b102-b6140fd08e38;2022-01-11T10:10:00Z;173.99;173.93;173.99;173.9;192;
a9eb4238-eba9-488c-b102-b6140fd08e38;2022-01-11T10:11:00Z;173.93;173.91;173.93;173.9;55;
a9eb4238-eba9-488c-b102-b6140fd08e38;2022-01-11T10:12:00Z;173.91;173.85;173.92;173.77;150;
a9eb4238-eba9-488c-b102-b6140fd08e38;2022-01-11T10:13:00Z;173.85;173.85;173.85;173.76;98;
a9eb4238-eba9-488c-b102-b6140fd08e38;2022-01-11T10:14:00Z;173.93;173.86;173.93;173.85;40;
a9eb4238-eba9-488c-b102-b6140fd08e38;2022-01-11T10:15:00Z;173.9;173.86;173.91;173.86;62;
a9eb4238-eba9-488c-b102-b6140fd08e38;2022-01-11T10:16:00Z;173.88;173.89;173.94;173.86;50;
a9eb4238-eba9-488c-b102-b6140fd08e38;2022-01-11T10:17:00Z;173.87;173.86;173.94;173.8;888;
a9eb4238-eba9-488c-b102-b6140fd08e38;2022-01-11T10:18:00Z;173.86;173.87;173.88;173.86;84;
a9eb4238-eba9-488c-b102-b6140fd08e38;2022-01-11T10:19:00Z;173.87;173.87;173.9;173.86;86;
a9eb4238-eba9-488c-b102-b6140fd08e38;2022-01-11T10:20:00Z;173.9;173.86;173.9;173.8;45;
a9eb4238-eba9-488c-b102-b6140fd08e38;2022-01-11T10:21:00Z;173.78;173.78;173.87;173.78;26;
a9eb4238-eba9-488c-b102-b6140fd08e38;2022-01-11T10:22:00Z;173.79;173.76;173.8;173.76;88;
a9eb4238-eba9-488c-b102-b6140fd08e38;2022-01-11T10:23:00Z;173.73;173.71;173.74;173.71;58;
a9eb4238-eba9-488c-b102-b6140fd08e38;2022-01-11T10:24:00Z;173.71;173.7;173.77;173.7;118;
a9eb4238-eba9-488c-b102-b6140fd08e38;2022-01-11T10:25:00Z;173.7;173.7;173.76;173.7;74;
a9eb4238-eba9-488c-b102-b6140fd08e38;2022-01-11T10:26:00Z;173.71;173.77;173.77;173.71;33;
a9eb4238-eba9-488c-b102-b6140fd08e38;2022-01-11T10:27:00Z;173.77;173.71;173.79;173.7;34;
a9eb4238-eba9-488c-b102-b6140fd08e38;2022-01-11T10:28:00Z;173.78;173.8;173.8;173.73;95;
a9eb4238-eba9-488c-b102-b6140fd08e38;2022-01-11T10:29:00Z;173.79;173.79;173.79;173.79;14;
a9eb4238-eba9-488c-b102-b6140fd08e38;2022-01-11T10:30:00Z;173.76;173.79;173.8;173.76;187;
a9eb4238-eba9-488c-b102-b6140fd08e38;2022-01-11T10:31:00Z;173.79;173.79;173.8;173.79;54;
a9eb4238-eba9-488c-b102-b6140fd08e38;2022-01-11T10:32:00Z;173.79;173.8;173.8;173.79;18;
a9eb4238-eba9-488c-b102-b6140fd08e38;2022-01-11T10:33:00Z;173.8;173.8;173.8;173.8;87;
a9eb4238-eba9-488c-b102-b6140fd08e38;2022-01-11T10:34:00Z;173.79;173.83;173.83;173.79;77;
a9eb4238-eba9-488c-b102-b6140fd08e38;2022-01-11T10:35:00Z;173.86;173.85;173.86;173.8;88;
a9eb4238-eba9-488c-b102-b6140fd08e38;2022-01-11T10:36:00Z;173.87;173.8;173.87;173.8;13;
a9eb4238-eba9-488c-b102-b6140fd08e38;2022-01-11T10:37:00Z;173.87;173.88;173.88;173.83;40;
a9eb4238-eba9-488c-b102-b6140fd08e38;2022-01-11T10:38:00Z;173.87;173.87;173.88;173.87;73;
a9eb4238-eba9-488c-b102-b6140fd08e38;2022-01-11T10:39:00Z;173.8;173.87;173.87;173.8;57;
a9eb4238-eba9-488c-b102-b6140fd08e38;2022-01-11T10:40:00Z;173.87;173.88;173.91;173.81;356;
a9eb4238-eba9-488c-b102-b6140fd08e38;2022-01-11T10:41:00Z;173.88;173.82;173.88;173.81;437;
a9eb4238-eba9-488c-b102-b6140fd08e38;2022-01-11T10:42:00Z;173.87;173.85;173.87;173.83;37;
a9eb4238-eba9-488c-b102-b6140fd08e38;2022-01-11T10:43:00Z;173.87;173.88;173.88;173.84;61;
a9eb4238-eba9-488c-b102-b6140fd08e38;2022-01-11T10:44:00Z;173.88;173.88;173.88;173.87;65;
a9eb4238-eba9-488c-b102-b6140fd08e38;2022-01-11T10:45:00Z;173.88;173.9;173.9;173.88;82;
a9eb4238-eba9-488c-b102-b6140fd08e38;2022-01-11T10:46:00Z;173.9;173.92;173.92;173.88;64;
a9eb4238-eba9-488c-b102-b6140fd08e38;2022-01-11T10:47:00Z;173.9;173.9;173.9;173.88;33;
a9eb4238-eba9-488c-b102-b6140fd08e38;2022-01-11T10:48:00Z;173.9;173.9;173.9;173.88;24;
a9eb4238-eba9-488c-b102-b6140fd08e38;2022-01-11T10:49:00Z;173.9;173.9;173.9;173.88;52;
a9eb4238-eba9-488c-b102-b6140fd08e38;2022-01-11T10:50:00Z;173.9;173.9;173.9;173.88;45;
a9eb4238-eba9-488c-b102-b6140fd08e38;2022-01-11T10:51:00Z;173.88;173.88;173.89;173.88;58;
a9eb4238-eba9-488c-b102-b6140fd08e38;2022-01-11T10:52:00Z;173.89;173.9;173.9;173.88;89;
a9eb4238-eba9-488c-b102-b6140fd08e38;2022-01-11T10:53:00Z;173.9;173.88;173.93;173.88;29;
a9eb4238-eba9-488c-b102-b6140fd08e38;2022-01-11T10:54:00Z;173.88;173.9;173.95;173.88;50;
a9eb4238-eba9-488c-b102-b6140fd08e38;2022-01-11T10:55:00Z;173.95;173.95;173.95;173.93;24;
a9eb4238-eba9-488c-b102-b6140fd08e38;2022-01-11T10:56:00Z;173.95;173.95;173.95;173.93;45;
a9eb4238-eba9-488c-b102-b6140fd08e38;2022-01-11T10:57:00Z;173.95;173.95;173.95;173.93;42;
a9eb4238-eba9-488c-b102-b6140fd08e38;2022-01-11T10:58:00Z;173.98;173.93;173.98;173.93;101;
a9eb4238-eba9-488c-b102-b6140fd08e38;2022-01-11T10:59:00Z;173.93;173.93;173.97;173.93;20;
a9eb4238-eba9-488c-b102-b6140fd08e38;2022-01-11T11:00:00Z;173.88;173.92;173.97;173.88;99;
a9eb4238-eba9-488c-b102-b6140fd08e38;2022-01-11T11:01:00Z;173.52;173.68;173.91;173.52;765;
a9eb4238-eba9-488c-b102-b6140fd08e38;2022-01-11T11:02:00Z;173.5;173.4;173.67;173.31;1074;
a9eb4238-eba9-488c-b102-b6140fd08e38;2022-01-11T11:03:00Z;173.49;173.5;173.5;173.38;39;
a9eb4238-eba9-488c-b102-b6140fd08e38;2022-01-11T11:04:00Z;173.5;173.44;173.5;173.44;24;
a9eb4238-eba9-488c-b102-b6140fd08e38;2022-01-11T11:05:00Z;173.44;173.42;173.48;173.42;101;
a9eb4238-eba9-488c-b102-b6140fd08e38;2022-01-11T11:06:00Z;173.41;173.32;173.41;173.32;168;
a9eb4238-eba9-488c-b102-b6140fd08e38;2022-01-11T11:07:00Z;173.28;173.16;173.34;173.08;447;
a9eb4238-eba9-488c-b102-b6140fd08e38;2022-01-11T11:08:00Z;173.22;173.22;173.23;173.11;29;
a9eb4238-eba9-488c-b102-b6140fd08e38;2022-01-11T11:09:00Z;173.22;173.22;173.22;173.2;26;
a9eb4238-eba9-488c-b102-b6140fd08e38;2022-01-11T11:10:00Z;173.22;173.48;173.52;173.22;179;
a9eb4238-eba9-488c-b102-b6140fd08e38;2022-01-11T11:11:00Z;173.49;173.46;173.49;173.41;28;
a9eb4238-eba9-488c-b102-b6140fd08e38;2022-01-11T11:12:00Z;173.47;173.35;173.47;173.23;93;
a9eb4238-eba9-488c-b102-b6140fd08e38;2022-01-11T11:13:00Z;173.41;173.31;173.41;173.2;81;
a9eb4238-eba9-488c-b102-b6140fd08e38;2022-01-11T11:14:00Z;173.24;173.2;173.31;173.19;39;
a9eb4238-eba9-488c-b102-b6140fd08e38;2022-01-11T11:15:00Z;173.3;173.25;173.3;173.2;62;
a9eb4238-eba9-488c-b102-b6140fd08e38;2022-01-11T11:16:00Z;173.28;173.25;173.31;173.25;61;
a9eb4238-eba9-488c-b102-b6140fd08e38;2022-01-11T11:17:00Z;173.26;173.25;173.31;173.25;48;
a9eb4238-eba9-488c-b102-b6140fd08e38;2022-01-11T11:18:00Z;173.23;173.31;173.31;173.22;16;
a9eb4238-eba9-488c-b102-b6140fd08e38;2022-01-11T11:19:00Z;173.22;173.3;173.3;173.22;12;
a9eb4238-eba9-488c-b102-b6140fd08e38;2022-01-11T11:20:00Z;173.25;173.3;173.32;173.25;79;
a9eb4238-eba9-488c-b102-b6140fd08e38;2022-01-11T11:21:00Z;173.3;173.3;173.3;173.25;33;
a9eb4238-eba9-488c-b102-b6140fd08e38;2022-01-11T11:22:00Z;173.3;173.3;173.3;173.3;9;
a9eb4238-eba9-488c-b102-b6140fd08e38;2022-01-11T11:23:00Z;173.25;173.31;173.31;173.25;35;
a9eb4238-eba9-488c-b102-b6140fd08e38;2022-01-11T11:24:00Z;173.31;173.25;173.31;173.25;25;
a9eb4238-eba9-488c-b102-b6140fd08e38;2022-01-11T11:25:00Z;173.33;173.31;173.34;173.26;32;
a9eb4238-eba9-488c-b102-b6140fd08e38;2022-01-11T11:26:00Z;173.34;173.35;173.35;173.33;26;
a9eb4238-eba9-488c-b102-b6140fd08e38;2022-01-11T11:27:00Z;173.34;173.33;173.35;173.26;70;
a9eb4238-eba9-488c-b102-b6140fd08e38;2022-01-11T11:28:00Z;173.33;173.31;173.33;173.31;16;
a9eb4238-eba9-488c-b102-b6140fd08e38;2022-01-11T11:29:00Z;173.31;173.32;173.32;173.31;37;
a9eb4238-eba9-488c-b102-b6140fd08e38;2022-01-11T11:30:00Z;173.32;173.25;173.32;173.25;42;
a9eb4238-eba9-488c-b102-b6140fd08e38;2022-01-11T11:31:00Z;173.32;173.34;173.34;173.32;44;
a9eb4238-eba9-488c-b102-b6140fd08e38;2022-01-11T11:32:00Z;173.34;173.34;173.34;173.34;16;
a9eb4238-eba9-488c-b102-b6140fd08e38;2022-01-11T11:33:00Z;173.34;173.34;173.34;173.34;29;
a9eb4238-eba9-488c-b102-b6140fd08e38;2022-01-11T11:34:00Z;173.35;173.38;173.39;173.34;49;
a9eb4238-eba9-488c-b102-b6140fd08e38;2022-01-11T11:35:00Z;173.4;173.47;173.5;173.4;55;
a9eb4238-eba9-488c-b102-b6140fd08e38;2022-01-11T11:36:00Z;173.48;173.51;173.67;173.48;133;
a9eb4238-eba9-488c-b102-b6140fd08e38;2022-01-11T11:37:00Z;173.62;173.68;173.68;173.51;113;
a9eb4238-eba9-488c-b102-b6140fd08e38;2022-01-11T11:38:00Z;173.66;173.67;173.67;173.58;16;
a9eb4238-eba9-488c-b102-b6140fd08e38;2022-01-11T11:39:00Z;173.59;173.65;173.65;173.59;4;
a9eb4238-eba9-488c-b102-b6140fd08e38;2022-01-11T11:40:00Z;173.66;173.64;173.66;173.58;111;
a9eb4238-eba9-488c-b102-b6140fd08e38;2022-01-11T11:41:00Z;173.58;173.61;173.63;173.58;119;
a9eb4238-eba9-488c-b102-b6140fd08e38;2022-01-11T11:42:00Z;173.61;173.62;173.62;173.58;159;
a9eb4238-eba9-488c-b102-b6140fd08e38;2022-01-11T11:43:00Z;173.63;173.61;173.64;173.61;82;
a9eb4238-eba9-488c-b102-b6140fd08e38;2022-01-11T11:44:00Z;173.61;173.58;173.61;173.58;145;
a9eb4238-eba9-488c-b102-b6140fd08e38;2022-01-11T11:45:00Z;173.57;173.52;173.58;173.5;38;
a9eb4238-eba9-488c-b102-b6140fd08e38;2022-01-11T11:46:00Z;173.53;173.58;173.58;173.53;14;
a9eb4238-eba9-488c-b102-b6140fd08e38;2022-01-11T11:47:00Z;173.58;173.59;173.59;173.57;157;
a9eb4238-eba9-488c-b102-b6140fd08e38;2022-01-11T11:48:00Z;173.58;173.6;173.64;173.52;71;
a9eb4238-eba9-488c-b102-b6140fd08e38;2022-01-11T11:49:00Z;173.6;173.6;173.6;173.53;75;
a9eb4238-eba9-488c-b102-b6140fd08e38;2022-01-11T11:50:00Z;173.54;173.54;173.6;173.54;15;
a9eb4238-eba9-488c-b102-b6140fd08e38;2022-01-11T11:51:00Z;173.55;173.6;173.6;173.53;20;
a9eb4238-eba9-488c-b102-b6140fd08e38;2022-01-11T11:52:00Z;173.6;173.6;173.6;173.6;30;
a9eb4238-eba9-488c-b102-b6140fd08e38;2022-01-11T11:53:00Z;173.58;173.63;173.78;173.58;410;
a9eb4238-eba9-488c-b102-b6140fd08e38;2022-01-11T11:54:00Z;173.73;173.77;173.79;173.66;141;
a9eb4238-eba9-488c-b102-b6140fd08e38;2022-01-11T11:55:00Z;173.76;173.73;173.76;173.7;42;
a9eb4238-eba9-488c-b102-b6140fd08e38;2022-01-11T11:56:00Z;173.75;173.64;173.75;173.64;42;
a9eb4238-eba9-488c-b102-b6140fd08e38;2022-01-11T11:57:00Z;173.69;173.66;173.69;173.62;19;
a9eb4238-eba9-488c-b102-b6140fd08e38;2022-01-11T11:58:00Z;173.68;173.53;173.68;173.53;46;
a9eb4238-eba9-488c-b102-b6140fd08e38;2022-01-11T11:59:00Z;173.64;173.64;173.64;173.62;5;
a9eb4238-eba9-488c-b102-b6140fd08e38;2022-01-11T12:00:00Z;173.63;173.63;173.63;173.48;611;
a9eb4238-eba9-488c-b102-b6140fd08e38;2022-01-11T12:01:00Z;173.61;173.6;173.63;173.51;22;
a9eb4238-eba9-488c-b102-b6140fd08e38;2022-01-11T12:02:00Z;173.5;173.53;173.58;173.5;34;
a9eb4238-eba9-488c-b102-b6140fd08e38;2022-01-11T12:03:00Z;173.54;173.56;173.58;173.53;89;
a9eb4238-eba9-488c-b102-b6140fd08e38;2022-01-11T12:04:00Z;173.56;173.56;173.56;173.47;133;
a9eb4238-eba9-488c-b102-b6140fd08e38;2022-01-11T12:05:00Z;173.48;173.48;173.55;173.47;107;
a9eb4238-eba9-488c-b102-b6140fd08e38;2022-01-11T12:06:00Z;173.5;173.48;173.51;173.47;38;
a9eb4238-eba9-488c-b102-b6140fd08e38;2022-01-11T12:07:00Z;173.53;173.5;173.53;173.5;15;
a9eb4238-eba9-488c-b102-b6140fd08e38;2022-01-11T12:08:00Z;173.48;173.42;173.49;173.42;105;
a9eb4238-eba9-488c-b102-b6140fd08e38;2022-01-11T12:09:00Z;173.44;173.35;173.44;173.34;84;
a9eb4238-eba9-488c-b102-b6140fd08e38;2022-01-11T12:10:00Z;173.34;173.37;173.37;173.26;813;
a9eb4238-eba9-488c-b102-b6140fd08e38;2022-01-11T12:11:00Z;173.32;173.36;173.37;173.3;20;
a9eb4238-eba9-488c-b102-b6140fd08e38;2022-01-11T12:12:00Z;173.25;173.4;173.4;173.25;34;
a9eb4238-eba9-488c-b102-b6140fd08e38;2022-01-11T12:13:00Z;173.38;173.45;173.45;173.38;15;
a9eb4238-eba9-488c-b102-b6140fd08e38;2022-01-11T12:14:00Z;173.41;173.5;173.5;173.41;13;
a9eb4238-eba9-488c-b102-b6140fd08e38;2022-01-11T12:15:00Z;173.5;173.5;173.5;173.48;7;
a9eb4238-eba9-488c-b102-b6140fd08e38;2022-01-11T12:16:00Z;173.52;173.51;173.52;173.51;13;
a9eb4238-eba9-488c-b102-b6140fd08e38;2022-01-11T12:17:00Z;173.51;173.52;173.52;173.51;24;
a9eb4238-eba9-488c-b102-b6140fd08e38;2022-01-11T12:18:00Z;173.5;173.48;173.51;173.46;34;
a9eb4238-eba9-488c-b102-b6140fd08e38;2022-01-11T12:19:00Z;173.41;173.48;173.49;173.41;50;
a9eb4238-eba9-488c-b102-b6140fd08e38;2022-01-11T12:20:00Z;173.42;173.5;173.5;173.42;29;
a9eb4238-eba9-488c-b102-b6140fd08e38;2022-01-11T12:21:00Z;173.5;173.5;173.5;173.44;14;
a9eb4238-eba9-488c-b102-b6140fd08e38;2022-01-11T12:22:00Z;173.5;173.54;173.55;173.5;44;
a9eb4238-eba9-488c-b102-b6140fd08e38;2022-01-11T12:23:00Z;173.54;173.54;173.54;173.5;93;
a9eb4238-eba9-488c-b102-b6140fd08e38;2022-01-11T12:24:00Z;173.54;173.5;173.54;173.5;89;
a9eb4238-eba9-488c-b102-b6140fd08e38;2022-01-11T12:25:00Z;173.54;173.54;173.54;173.52;51;
a9eb4238-eba9-488c-b102-b6140fd08e38;2022-01-11T12:26:00Z;173.54;173.54;173.54;173.54;49;
a9eb4238-eba9-488c-b102-b6140fd08e38;2022-01-11T12:27:00Z;173.54;173.54;173.54;173.5;58;
a9eb4238-eba9-488c-b102-b6140fd08e38;2022-01-11T12:28:00Z;173.5;173.5;173.54;173.5;19;
a9eb4238-eba9-488c-b102-b6140fd08e38;2022-01-11T12:29:00Z;173.51;173.54;173.54;173.51;11;
a9eb4238-eba9-488c-b102-b6140fd08e38;2022-01-11T12:30:00Z;173.54;173.63;173.63;173.54;599;
a9eb4238-eba9-488c-b102-b6140fd08e38;2022-01-11T12:31:00Z;173.62;173.63;173.63;173.6;478;
a9eb4238-eba9-488c-b102-b6140fd08e38;2022-01-11T12:32:00Z;173.63;173.65;173.7;173.59;1209;
a9eb4238-eba9-488c-b102-b6140fd08e38;2022-01-11T12:33:00Z;173.63;173.57;173.65;173.51;1448;
a9eb4238-eba9-488c-b102-b6140fd08e38;2022-01-11T12:34:00Z;173.53;173.59;173.63;173.53;53;
a9eb4238-eba9-488c-b102-b6140fd08e38;2022-01-11T12:35:00Z;173.59;173.59;173.64;173.56;21;
a9eb4238-eba9-488c-b102-b6140fd08e38;2022-01-11T12:36:00Z;173.59;173.6;173.62;173.56;56;
a9eb4238-eba9-488c-b102-b6140fd08e38;2022-01-11T12:37:00Z;173.61;173.6;173.65;173.6;76;
a9eb4238-eba9-488c-b102-b6140fd08e38;2022-01-11T12:38:00Z;173.61;173.55;173.62;173.51;1466;
a9eb4238-eba9-488c-b102-b6140fd08e38;2022-01-11T12:39:00Z;173.59;173.58;173.59;173.54;107;
a9eb4238-eba9-488c-b102-b6140fd08e38;2022-01-11T12:40:00Z;173.55;173.55;173.58;173.55;114;
a9eb4238-eba9-488c-b102-b6140fd08e38;2022-01-11T12:41:00Z;173.58;173.57;173.58;173.54;192;
a9eb4238-eba9-488c-b102-b6140fd08e38;2022-01-11T12:42:00Z;173.57;173.58;173.58;173.56;47;
a9eb4238-eba9-488c-b102-b6140fd08e38;2022-01-11T12:43:00Z;173.6;173.62;173.64;173.58;56;
a9eb4238-eba9-488c-b102-b6140fd08e38;2022-01-11T12:44:00Z;173.6;173.57;173.61;173.54;536;
a9eb4238-eba9-488c-b102-b6140fd08e38;2022-01-11T12:45:00Z;173.54;173.54;173.58;173.53;181;
a9eb4238-eba9-488c-b102-b6140fd08e38;2022-01-11T12:46:00Z;173.54;173.46;173.59;173.45;752;
a9eb4238-eba9-488c-b102-b6140fd08e38;2022-01-11T12:47:00Z;173.44;173.43;173.46;173.36;2989;
a9eb4238-eba9-488c-b102-b6140fd08e38;2022-01-11T12:48:00Z;173.4;173.42;173.47;173.26;1042;
a9eb4238-eba9-488c-b102-b6140fd08e38;2022-01-11T12:49:00Z;173.36;173.35;173.4;173.35;1033;
a9eb4238-eba9-488c-b102-b6140fd08e38;2022-01-11T12:50:00Z;173.39;173.39;173.45;173.37;463;
a9eb4238-eba9-488c-b102-b6140fd08e38;2022-01-11T12:51:00Z;173.4;173.51;173.51;173.38;245;
a9eb4238-eba9-488c-b102-b6140fd08e38;2022-01-11T12:52:00Z;173.47;173.45;173.49;173.45;1408;
a9eb4238-eba9-488c-b102-b6140fd08e38;2022-01-11T12:53:00Z;173.48;173.47;173.48;173.46;6;
a9eb4238-eba9-488c-b102-b6140fd08e38;2022-01-11T12:54:00Z;173.46;173.32;173.47;173.29;821;
a9eb4238-eba9-488c-b102-b6140fd08e38;2022-01-11T12:55:00Z;173.29;173.42;173.42;173.25;1250;
a9eb4238-eba9-488c-b102-b6140fd08e38;2022-01-11T12:56:00Z;173.38;173.32;173.45;173.29;97;
a9eb4238-eba9-488c-b102-b6140fd08e38;2022-01-11T12:57:00Z;173.32;173.28;173.32;173.2;579;
a9eb4238-eba9-488c-b102-b6140fd08e38;2022-01-11T12:58:00Z;173.2;173.1;173.21;173.07;3345;
a9eb4238-eba9-488c-b102-b6140fd08e38;2022-01-11T12:59:00Z;173.1;173.06;173.14;173.05;590;
a9eb4238-eba9-488c-b102-b6140fd08e38;2022-01-11T13:00:00Z;173.1;173;173.1;172.93;11037;
a9eb4238-eba9-488c-b102-b6140fd08e38;2022-01-11T13:01:00Z;172.95;173.07;173.08;172.93;1046;
a9eb4238-eba9-488c-b102-b6140fd08e38;2022-01-11T13:02:00Z;173.14;173.11;173.14;173.06;555;
a9eb4238-eba9-488c-b102-b6140fd08e38;2022-01-11T13:03:00Z;173.08;173.18;173.25;173.08;231;
a9eb4238-eba9-488c-b102-b6140fd08e38;2022-01-11T13:04:00Z;173.21;173.31;173.36;173.16;836;
a9eb4238-eba9-488c-b102-b6140fd08e38;2022-01-11T13:05:00Z;173.32;173.32;173.32;173.25;591;
a9eb4238-eba9-488c-b102-b6140fd08e38;2022-01-11T13:06:00Z;173.27;173.41;173.41;173.27;624;
a9eb4238-eba9-488c-b102-b6140fd08e38;2022-01-11T13:07:00Z;173.4;173.39;173.4;173.38;576;
a9eb4238-eba9-488c-b102-b6140fd08e38;2022-01-11T13:08:00Z;173.39;173.41;173.41;173.35;316;
a9eb4238-eba9-488c-b102-b6140fd08e38;2022-01-11T13:09:00Z;173.39;173.37;173.43;173.36;403;
a9eb4238-eba9-488c-b102-b6140fd08e38;2022-01-11T13:10:00Z;173.37;173.37;173.39;173.34;231;
a9eb4238-eba9-488c-b102-b6140fd08e38;2022-01-11T13:11:00Z;173.34;173.22;173.34;173.19;427;
a9eb4238-eba9-488c-b102-b6140fd08e38;2022-01-11T13:12:00Z;173.29;173.22;173.35;173.22;46;
a9eb4238-eba9-488c-b102-b6140fd08e38;2022-01-11T13:13:00Z;173.31;173.25;173.31;173.25;12;
a9eb4238-eba9-488c-b102-b6140fd08e38;2022-01-11T13:14:00Z;173.31;173.25;173.31;173.25;169;
a9eb4238-eba9-488c-b102-b6140fd08e38;2022-01-11T13:15:00Z;173.31;173.33;173.36;173.2;506;
a9eb4238-eba9-488c-b102-b6140fd08e38;2022-01-11T13:16:00Z;173.35;173.34;173.37;173.34;478;
a9eb4238-eba9-488c-b102-b6140fd08e38;2022-01-11T13:17:00Z;173.36;173.34;173.36;173.31;62;
a9eb4238-eba9-488c-b102-b6140fd08e38;2022-01-11T13:18:00Z;173.33;173.34;173.35;173.31;209;
a9eb4238-eba9-488c-b102-b6140fd08e38;2022-01-11T13:19:00Z;173.31;173.32;173.34;173.3;176;
a9eb4238-eba9-488c-b102-b6140fd08e38;2022-01-11T13:20:00Z;173.3;173.29;173.31;173.25;559;
a9eb4238-eba9-488c-b102-b6140fd08e38;2022-01-11T13:21:00Z;173.29;173.27;173.29;173.2;104;
a9eb4238-eba9-488c-b102-b6140fd08e38;2022-01-11T13:22:00Z;173.25;173.26;173.27;173.17;340;
a9eb4238-eba9-488c-b102-b6140fd08e38;2022-01-11T13:23:00Z;173.23;173.19;173.23;173.19;94;
a9eb4238-eba9-488c-b102-b6140fd08e38;2022-01-11T13:24:00Z;173.2;173.18;173.2;173.17;44;
a9eb4238-eba9-488c-b102-b6140fd08e38;2022-01-11T13:25:00Z;173.2;173.17;173.2;173.16;360;
a9eb4238-eba9-488c-b102-b6140fd08e38;2022-01-11T13:26:00Z;173.12;173.16;173.17;173.12;235;
a9eb4238-eba9-488c-b102-b6140fd08e38;2022-01-11T13:27:00Z;173.16;173.2;173.22;173.12;944;
a9eb4238-eba9-488c-b102-b6140fd08e38;2022-01-11T13:28:00Z;173.21;173.22;173.28;173.2;42;
a9eb4238-eba9-488c-b102-b6140fd08e38;2022-01-11T13:29:00Z;173.22;173.15;173.22;173.12;563;
a9eb4238-eba9-488c-b102-b6140fd08e38;2022-01-11T13:30:00Z;173.16;173.15;173.2;173.13;149;
a9eb4238-eba9-488c-b102-b6140fd08e38;2022-01-11T13:31:00Z;173.18;173.25;173.27;173.15;778;
a9eb4238-eba9-488c-b102-b6140fd08e38;2022-01-11T13:32:00Z;173.28;173.29;173.3;173.26;542;
a9eb4238-eba9-488c-b102-b6140fd08e38;2022-01-11T13:33:00Z;173.28;173.3;173.3;173.26;547;
a9eb4238-eba9-488c-b102-b6140fd08e38;2022-01-11T13:34:00Z;173.31;173.35;173.35;173.28;184;
a9eb4238-eba9-488c-b102-b6140fd08e38;2022-01-11T13:35:00Z;173.29;173.3;173.31;173.29;175;
a9eb4238-eba9-488c-b102-b6140fd08e38;2022-01-11T13:36:00Z;173.3;173.25;173.33;173.25;766;
a9eb4238-eba9-488c-b102-b6140fd08e38;2022-01-11T13:37:00Z;173.25;173.17;173.28;173.13;7028;
a9eb4238-eba9-488c-b102-b6140fd08e38;2022-01-11T13:38:00Z;173.17;173.09;173.17;173;2965;
a9eb4238-eba9-488c-b102-b6140fd08e38;2022-01-11T13:39:00Z;173.06;172.94;173.06;172.85;1955;
a9eb4238-eba9-488c-b102-b6140fd08e38;2022-01-11T13:40:00Z;172.94;172.89;172.96;172.89;1153;
a9eb4238-eba9-488c-b102-b6140fd08e38;2022-01-11T13:41:00Z;172.94;172.9;172.94;172.83;606;
a9eb4238-eba9-488c-b102-b6140fd08e38;2022-01-11T13:42:00Z;172.81;172.71;172.86;172.67;1059;
a9eb4238-eba9-488c-b102-b6140fd08e38;2022-01-11T13:43:00Z;172.69;172.65;172.7;172.55;4388;
a9eb4238-eba9-488c-b102-b6140fd08e38;2022-01-11T13:44:00Z;172.65;172.54;172.65;172.51;4911;
a9eb4238-eba9-488c-b102-b6140fd08e38;2022-01-11T13:45:00Z;172.6;172.68;172.8;172.58;1729;
a9eb4238-eba9-488c-b102-b6140fd08e38;2022-01-11T13:46:00Z;172.62;172.8;172.8;172.56;4556;
a9eb4238-eba9-488c-b102-b6140fd08e38;2022-01-11T13:47:00Z;172.71;172.74;172.8;172.71;267;
a9eb4238-eba9-488c-b102-b6140fd08e38;2022-01-11T13:48:00Z;172.7;172.71;172.8;172.64;1298;
a9eb4238-eba9-488c-b102-b6140fd08e38;2022-01-11T13:49:00Z;172.66;172.66;172.72;172.62;588;
a9eb4238-eba9-488c-b102-b6140fd08e38;2022-01-11T13:50:00Z;172.61;172.55;172.7;172.55;1829;
a9eb4238-eba9-488c-b102-b6140fd08e38;2022-01-11T13:51:00Z;172.56;172.49;172.56;172.47;3444;
a9eb4238-eba9-488c-b102-b6140fd08e38;2022-01-11T13:52:00Z;172.48;172.41;172.51;172.35;519;
a9eb4238-eba9-488c-b102-b6140fd08e38;2022-01-11T13:53:00Z;172.4;172.37;172.44;172.34;1429;
a9eb4238-eba9-488c-b102-b6140fd08e38;2022-01-11T13:54:00Z;172.37;172.49;172.49;172.37;2257;
a9eb4238-eba9-488c-b102-b6140fd08e38;2022-01-11T13:55:00Z;172.44;172.47;172.5;172.43;192;
a9eb4238-eba9-488c-b102-b6140fd08e38;2022-01-11T13:56:00Z;172.37;172.46;172.46;172.37;965;
a9eb4238-eba9-488c-b102-b6140fd08e38;2022-01-11T13:57:00Z;172.45;172.47;172.5;172.4;181;
a9eb4238-eba9-488c-b102-b6140fd08e38;2022-01-11T13:58:00Z;172.5;172.65;172.67;172.48;1372;
a9eb4238-eba9-488c-b102-b6140fd08e38;2022-01-11T13:59:00Z;172.56;172.47;172.66;172.4;2526;
a9eb4238-eba9-488c-b102-b6140fd08e38;2022-01-11T14:00:00Z;172.45;172.4;172.5;172.28;3653;
a9eb4238-eba9-488c-b102-b6140fd08e38;2022-01-11T14:01:00Z;172.35;172.36;172.4;172.31;277;
a9eb4238-eba9-488c-b102-b6140fd08e38;2022-01-11T14:02:00Z;172.37;172.3;172.38;172.3;773;
a9eb4238-eba9-488c-b102-b6140fd08e38;2022-01-11T14:03:00Z;172.32;172.2;172.32;172.1;6842;
a9eb4238-eba9-488c-b102-b6140fd08e38;2022-01-11T14:04:00Z;172.21;172.21;172.3;172.17;1320;
a9eb4238-eba9-488c-b102-b6140fd08e38;2022-01-11T14:05:00Z;172.25;172.4;172.45;172.22;937;
a9eb4238-eba9-488c-b102-b6140fd08e38;2022-01-11T14:06:00Z;172.3;172.25;172.3;172.23;1122;
a9eb4238-eba9-488c-b102-b6140fd08e38;2022-01-11T14:07:00Z;172.26;172.23;172.29;172.18;572;
a9eb4238-eba9-488c-b102-b6140fd08e38;2022-01-11T14:08:00Z;172.19;172.18;172.24;172.11;2144;
a9eb4238-eba9-488c-b102-b6140fd08e38;2022-01-11T14:09:00Z;172.33;172.39;172.4;172.25;4923;
a9eb4238-eba9-488c-b102-b6140fd08e38;2022-01-11T14:10:00Z;172.41;172.25;172.41;172.25;255;
a9eb4238-eba9-488c-b102-b6140fd08e38;2022-01-11T14:11:00Z;172.31;172.2;172.31;172.2;549;
a9eb4238-eba9-488c-b102-b6140fd08e38;2022-01-11T14:12:00Z;172.22;172.22;172.28;172.17;3566;
a9eb4238-eba9-488c-b102-b6140fd08e38;2022-01-11T14:13:00Z;172.22;172.15;172.25;172.15;490;
a9eb4238-eba9-488c-b102-b6140fd08e38;2022-01-11T14:14:00Z;172.19;172.21;172.32;172.16;391;
a9eb4238-eba9-488c-b102-b6140fd08e38;2022-01-11T14:15:00Z;172.28;171.96;172.41;171.9;6688;
a9eb4238-eba9-488c-b102-b6140fd08e38;2022-01-11T14:16:00Z;172.03;172.07;172.18;171.98;1669;
a9eb4238-eba9-488c-b102-b6140fd08e38;2022-01-11T14:17:00Z;172.15;171.99;172.18;171.95;4661;
a9eb4238-eba9-488c-b102-b6140fd08e38;2022-01-11T14:18:00Z;171.99;171.96;172;171.85;7631;
a9eb4238-eba9-488c-b102-b6140fd08e38;2022-01-11T14:19:00Z;171.86;171.91;171.98;171.8;1660;
a9eb4238-eba9-488c-b102-b6140fd08e38;2022-01-11T14:20:00Z;171.95;172.09;172.16;171.93;456;
a9eb4238-eba9-488c-b102-b6140fd08e38;2022-01-11T14:21:00Z;172.13;172;172.22;171.94;4026;
a9eb4238-eba9-488c-b102-b6140fd08e38;2022-01-11T14:22:00Z;172;172.1;172.25;171.99;1359;
a9eb4238-eba9-488c-b102-b6140fd08e38;2022-01-11T14:23:00Z;172.05;172.14;172.14;172.05;484;
a9eb4238-eba9-488c-b102-b6140fd08e38;2022-01-11T14:24:00Z;172.16;172.17;172.38;172.14;653;
a9eb4238-eba9-488c-b102-b6140fd08e38;2022-01-11T14:25:00Z;172.38;172.45;172.48;172.21;2380;
a9eb4238-eba9-488c-b102-b6140fd08e38;2022-01-11T14:26:00Z;172.4;172.47;172.47;172.31;1012;
a9eb4238-eba9-488c-b102-b6140fd08e38;2022-01-11T14:27:00Z;172.38;172.3;172.47;172.2;4597;
a9eb4238-eba9-488c-b102-b6140fd08e38;2022-01-11T14:28:00Z;172.25;172.1;172.27;172.07;3741;
a9eb4238-eba9-488c-b102-b6140fd08e38;2022-01-11T14:29:00Z;172.15;172.31;172.32;172.1;3011;
a9eb4238-eba9-488c-b102-b6140fd08e38;2022-01-11T14:30:00Z;172.25;172.25;172.7;172.05;763474;
a9eb4238-eba9-488c-b102-b6140fd08e38;2022-01-11T14:31:00Z;172.51;171.64;172.53;171.58;91676;
a9eb4238-eba9-488c-b102-b6140fd08e38;2022-01-11T14:32:00Z;171.62;171.85;171.88;171.53;61712;
a9eb4238-eba9-488c-b102-b6140fd08e38;2022-01-11T14:33:00Z;171.83;171.37;171.87;171.36;83302;
a9eb4238-eba9-488c-b102-b6140fd08e38;2022-01-11T14:34:00Z;171.43;171.68;171.9;171.42;59210;
a9eb4238-eba9-488c-b102-b6140fd08e38;2022-01-11T14:35:00Z;171.66;171.98;172.07;171.62;70410;
a9eb4238-eba9-488c-b102-b6140fd08e38;2022-01-11T14:36:00Z;172.09;172.4;172.41;171.97;50279;
a9eb4238-eba9-488c-b102-b6140fd08e38;2022-01-11T14:37:00Z;172.4;172.06;172.47;171.96;54261;
a9eb4238-eba9-488c-b102-b6140fd08e38;2022-01-11T14:38:00Z;172.05;171.84;172.18;171.75;39376;
a9eb4238-eba9-488c-b102-b6140fd08e38;2022-01-11T14:39:00Z;171.87;172.01;172.15;171.84;32867;
a9eb4238-eba9-488c-b102-b6140fd08e38;2022-01-11T14:40:00Z;171.83;171.68;172.18;171.55;92432;
a9eb4238-eba9-488c-b102-b6140fd08e38;2022-01-11T14:41:00Z;171.65;171.31;171.75;171.23;65726;
a9eb4238-eba9-488c-b102-b6140fd08e38;2022-01-11T14:42:00Z;171.43;171.23;171.49;171.2;34677;
a9eb4238-eba9-488c-b102-b6140fd08e38;2022-01-11T14:43:00Z;171.13;171.23;171.45;171.08;43471;
a9eb4238-eba9-488c-b102-b6140fd08e38;2022-01-11T14:44:00Z;171.25;171.1;171.29;170.89;86942;
a9eb4238-eba9-488c-b102-b6140fd08e38;2022-01-11T14:45:00Z;171.03;171.27;171.27;170.91;66041;
a9eb4238-eba9-488c-b102-b6140fd08e38;2022-01-11T14:46:00Z;171.27;171.51;171.62;171.27;45694;
a9eb4238-eba9-488c-b102-b6140fd08e38;2022-01-11T14:47:00Z;171.51;171.48;171.64;171.43;36618;
a9eb4238-eba9-488c-b102-b6140fd08e38;2022-01-11T14:48:00Z;171.53;171.16;171.54;171.08;44480;
a9eb4238-eba9-488c-b102-b6140fd08e38;2022-01-11T14:49:00Z;171.17;171.15;171.38;171.08;36376;
a9eb4238-eba9-488c-b102-b6140fd08e38;2022-01-11T14:50:00Z;171.1;171.51;171.52;171.03;44173;
a9eb4238-eba9-488c-b102-b6140fd08e38;2022-01-11T14:51:00Z;171.52;171.7;171.71;171.36;57307;
a9eb4238-eba9-488c-b102-b6140fd08e38;2022-01-11T14:52:00Z;171.72;171.72;171.79;171.59;70080;
a9eb4238-eba9-488c-b102-b6140fd08e38;2022-01-11T14:53:00Z;171.7;171.57;171.7;171.55;44747;
a9eb4238-eba9-488c-b102-b6140fd08e38;2022-01-11T14:54:00Z;171.55;171.15;171.6;171.1;70639;
a9eb4238-eba9-488c-b102-b6140fd08e38;2022-01-11T14:55:00Z;171.11;171.08;171.16;170.83;81087;
a9eb4238-eba9-488c-b102-b6140fd08e38;2022-01-11T14:56:00Z;171.13;171.2;171.33;171.09;37663;
a9eb4238-eba9-488c-b102-b6140fd08e38;2022-01-11T14:57:00Z;171.33;171.28;171.56;171.16;50600;
a9eb4238-eba9-488c-b102-b6140fd08e38;2022-01-11T14:58:00Z;171.2;171.56;171.57;171.18;18040;
a9eb4238-eba9-488c-b102-b6140fd08e38;2022-01-11T14:59:00Z;171.57;171.59;171.71;171.43;30453;
a9eb4238-eba9-488c-b102-b6140fd08e38;2022-01-11T15:00:00Z;171.39;171.85;171.87;171.32;47893;
a9eb4238-eba9-488c-b102-b6140fd08e38;2022-01-11T15:01:00Z;171.86;171.83;171.88;171.68;21173;
a9eb4238-eba9-488c-b102-b6140fd08e38;2022-01-11T15:02:00Z;171.86;171.72;171.92;171.57;33759;
a9eb4238-eba9-488c-b102-b6140fd08e38;2022-01-11T15:03:00Z;171.71;171.9;171.94;171.61;21442;
a9eb4238-eba9-488c-b102-b6140fd08e38;2022-01-11T15:04:00Z;171.9;172.01;172.08;171.89;25065;
a9eb4238-eba9-488c-b102-b6140fd08e38;2022-01-11T15:05:00Z;172.02;172.19;172.21;171.91;68344;
a9eb4238-eba9-488c-b102-b6140fd08e38;2022-01-11T15:06:00Z;172.21;172.1;172.23;172.03;45699;
a9eb4238-eba9-488c-b102-b6140fd08e38;2022-01-11T15:07:00Z;172;172.07;172.19;171.96;44071;
a9eb4238-eba9-488c-b102-b6140fd08e38;2022-01-11T15:08:00Z;171.99;171.91;172.06;171.85;23605;
a9eb4238-eba9-488c-b102-b6140fd08e38;2022-01-11T15:09:00Z;171.89;171.82;172.07;171.76;38901;
a9eb4238-eba9-488c-b102-b6140fd08e38;2022-01-11T15:10:00Z;171.81;171.81;171.91;171.69;25117;
a9eb4238-eba9-488c-b102-b6140fd08e38;2022-01-11T15:11:00Z;171.89;172.1;172.18;171.88;53366;
a9eb4238-eba9-488c-b102-b6140fd08e38;2022-01-11T15:12:00Z;172.11;172.45;172.49;172.1;46404;
a9eb4238-eba9-488c-b102-b6140fd08e38;2022-01-11T15:13:00Z;172.5;172.21;172.55;172.21;33774;
a9eb4238-eba9-488c-b102-b6140fd08e38;2022-01-11T15:14:00Z;172.2;172.13;172.27;172.07;23102;
a9eb4238-eba9-488c-b102-b6140fd08e38;2022-01-11T15:15:00Z;172.15;172.11;172.28;171.83;60098;
a9eb4238-eba9-488c-b102-b6140fd08e38;2022-01-11T15:16:00Z;171.93;171.83;171.94;171.77;46187;
a9eb4238-eba9-488c-b102-b6140fd08e38;2022-01-11T15:17:00Z;171.85;172.14;172.14;171.8;68011;
a9eb4238-eba9-488c-b102-b6140fd08e38;2022-01-11T15:18:00Z;172.13;172.04;172.23;172;48140;
a9eb4238-eba9-488c-b102-b6140fd08e38;2022-01-11T15:19:00Z;172.02;172.01;172.13;171.9;23605;
a9eb4238-eba9-488c-b102-b6140fd08e38;2022-01-11T15:20:00Z;172.01;172.07;172.19;171.97;22705;
a9eb4238-eba9-488c-b102-b6140fd08e38;2022-01-11T15:21:00Z;172.02;172.15;172.17;171.96;28847;
a9eb4238-eba9-488c-b102-b6140fd08e38;2022-01-11T15:22:00Z;172.16;172.27;172.37;172.13;58081;
a9eb4238-eba9-488c-b102-b6140fd08e38;2022-01-11T15:23:00Z;172.32;172.33;172.35;172.13;25576;
a9eb4238-eba9-488c-b102-b6140fd08e38;2022-01-11T15:24:00Z;172.33;172.13;172.35;172.07;25802;
a9eb4238-eba9-488c-b102-b6140fd08e38;2022-01-11T15:25:00Z;172.11;171.91;172.21;171.86;47519;
a9eb4238-eba9-488c-b102-b6140fd08e38;2022-01-11T15:26:00Z;171.91;172.03;172.12;171.86;34821;
a9eb4238-eba9-488c-b102-b6140fd08e38;2022-01-11T15:27:00Z;172.04;172.12;172.23;172.01;20841;
a9eb4238-eba9-488c-b102-b6140fd08e38;2022-01-11T15:28:00Z;172.13;172.19;172.28;172.04;24529;
a9eb4238-eba9-488c-b102-b6140fd08e38;2022-01-11T15:29:00Z;172.18;172.08;172.27;172.05;39663;
a9eb4238-eba9-488c-b102-b6140fd08e38;2022-01-11T15:30:00Z;172.2;172.55;172.63;172.14;52421;
a9eb4238-eba9-488c-b102-b6140fd08e38;2022-01-11T15:31:00Z;172.37;172.14;172.56;172.06;91887;
a9eb4238-eba9-488c-b102-b6140fd08e38;2022-01-11T15:32:00Z;172.12;172.1;172.21;171.94;33317;
a9eb4238-eba9-488c-b102-b6140fd08e38;2022-01-11T15:33:00Z;172.07;171.92;172.07;171.92;37212;
a9eb4238-eba9-488c-b102-b6140fd08e38;2022-01-11T15:34:00Z;171.91;171.57;171.96;171.57;55994;
a9eb4238-eba9-488c-b102-b6140fd08e38;2022-01-11T15:35:00Z;171.58;171.64;171.68;171.53;34588;
a9eb4238-eba9-488c-b102-b6140fd08e38;2022-01-11T15:36:00Z;171.58;171.63;171.75;171.56;26239;
a9eb4238-eba9-488c-b102-b6140fd08e38;2022-01-11T15:37:00Z;171.62;171.42;171.67;171.37;52686;
a9eb4238-eba9-488c-b102-b6140fd08e38;2022-01-11T15:38:00Z;171.44;171.58;171.64;171.4;31919;
a9eb4238-eba9-488c-b102-b6140fd08e38;2022-01-11T15:39:00Z;171.57;171.58;171.66;171.51;28258;
a9eb4238-eba9-488c-b102-b6140fd08e38;2022-01-11T15:40:00Z;171.59;171.49;171.63;171.45;24834;
a9eb4238-eba9-488c-b102-b6140fd08e38;2022-01-11T15:41:00Z;171.49;171.31;171.52;171.24;40125;
a9eb4238-eba9-488c-b102-b6140fd08e38;2022-01-11T15:42:00Z;171.24;171.11;171.27;171.08;35485;
a9eb4238-eba9-488c-b102-b6140fd08e38;2022-01-11T15:43:00Z;171.12;171.08;171.15;171;35670;
a9eb4238-eba9-488c-b102-b6140fd08e38;2022-01-11T15:44:00Z;171.07;171.09;171.19;171.03;28864;
a9eb4238-eba9-488c-b102-b6140fd08e38;2022-01-11T15:45:00Z;171.07;171.36;171.44;170.94;89088;
a9eb4238-eba9-488c-b102-b6140fd08e38;2022-01-11T15:46:00Z;171.35;171.11;171.36;171.01;50645;
a9eb4238-eba9-488c-b102-b6140fd08e38;2022-01-11T15:47:00Z;171.11;171.21;171.34;171.05;35464;
a9eb4238-eba9-488c-b102-b6140fd08e38;2022-01-11T15:48:00Z;171.22;171.29;171.36;171.21;30661;
a9eb4238-eba9-488c-b102-b6140fd08e38;2022-01-11T15:49:00Z;171.24;171.28;171.35;171.15;26962;
a9eb4238-eba9-488c-b102-b6140fd08e38;2022-01-11T15:50:00Z;171.27;171.17;171.3;171.1;21932;
a9eb4238-eba9-488c-b102-b6140fd08e38;2022-01-11T15:51:00Z;171.16;171.24;171.3;171.06;17337;
a9eb4238-eba9-488c-b102-b6140fd08e38;2022-01-11T15:52:00Z;171.29;171.26;171.34;171.2;21869;
a9eb4238-eba9-488c-b102-b6140fd08e38;2022-01-11T15:53:00Z;171.24;171.31;171.32;171.2;20032;
a9eb4238-eba9-488c-b102-b6140fd08e38;2022-01-11T15:54:00Z;171.32;171.4;171.41;171.28;20298;
a9eb4238-eba9-488c-b102-b6140fd08e38;2022-01-11T15:55:00Z;171.41;171.49;171.5;171.36;22577;
a9eb4238-eba9-488c-b102-b6140fd08e38;2022-01-11T15:56:00Z;171.44;171.37;171.45;171.28;26342;
a9eb4238-eba9-488c-b102-b6140fd08e38;2022-01-11T15:57:00Z;171.38;171.37;171.43;171.29;18319;
a9eb4238-eba9-488c-b102-b6140fd08e38;2022-01-11T15:58:00Z;171.37;171.52;171.67;171.33;35302;
a9eb4238-eba9-488c-b102-b6140fd08e38;2022-01-11T15:59:00Z;171.51;171.55;171.62;171.47;21185;
a9eb4238-eba9-488c-b102-b6140fd08e38;2022-01-11T16:00:00Z;171.55;171.67;171.69;171.49;35898;
a9eb4238-eba9-488c-b102-b6140fd08e38;2022-01-11T16:01:00Z;171.66;171.69;171.72;171.63;19872;
a9eb4238-eba9-488c-b102-b6140fd08e38;2022-01-11T16:02:00Z;171.69;171.86;171.89;171.67;48291;
a9eb4238-eba9-488c-b102-b6140fd08e38;2022-01-11T16:03:00Z;171.84;172.14;172.18;171.82;45864;
a9eb4238-eba9-488c-b102-b6140fd08e38;2022-01-11T16:04:00Z;172.16;172.23;172.37;172.13;65974;
a9eb4238-eba9-488c-b102-b6140fd08e38;2022-01-11T16:05:00Z;172.22;172.35;172.36;172.2;31198;
a9eb4238-eba9-488c-b102-b6140fd08e38;2022-01-11T16:06:00Z;172.33;172.45;172.47;172.28;37725;
a9eb4238-eba9-488c-b102-b6140fd08e38;2022-01-11T16:07:00Z;172.46;172.3;172.48;172.3;17743;
a9eb4238-eba9-488c-b102-b6140fd08e38;2022-01-11T16:08:00Z;172.33;172.35;172.52;172.29;23725;
a9eb4238-eba9-488c-b102-b6140fd08e38;2022-01-11T16:09:00Z;172.37;172.34;172.5;172.28;33441;
a9eb4238-eba9-488c-b102-b6140fd08e38;2022-01-11T16:10:00Z;172.39;172.53;172.56;172.39;32361;
a9eb4238-eba9-488c-b102-b6140fd08e38;2022-01-11T16:11:00Z;172.53;172.55;172.61;172.44;40945;
a9eb4238-eba9-488c-b102-b6140fd08e38;2022-01-11T16:12:00Z;172.56;172.89;172.93;172.55;57357;
a9eb4238-eba9-488c-b102-b6140fd08e38;2022-01-11T16:13:00Z;172.98;173.24;173.29;172.89;82044;
a9eb4238-eba9-488c-b102-b6140fd08e38;2022-01-11T16:14:00Z;173.24;173.3;173.35;173.13;46239;
a9eb4238-eba9-488c-b102-b6140fd08e38;2022-01-11T16:15:00Z;173.3;173.7;173.72;173.14;73577;
a9eb4238-eba9-488c-b102-b6140fd08e38;2022-01-11T16:16:00Z;173.69;173.6;173.8;173.49;63530;
a9eb4238-eba9-488c-b102-b6140fd08e38;2022-01-11T16:17:00Z;173.59;173.83;173.83;173.55;37431;
a9eb4238-eba9-488c-b102-b6140fd08e38;2022-01-11T16:18:00Z;173.83;174.07;174.09;173.82;71049;
a9eb4238-eba9-488c-b102-b6140fd08e38;2022-01-11T16:19:00Z;174.08;173.83;174.09;173.82;39909;
a9eb4238-eba9-488c-b102-b6140fd08e38;2022-01-11T16:20:00Z;173.83;173.59;173.9;173.41;81970;
a9eb4238-eba9-488c-b102-b6140fd08e38;2022-01-11T16:21:00Z;173.55;173.7;173.74;173.47;46612;
a9eb4238-eba9-488c-b102-b6140fd08e38;2022-01-11T16:22:00Z;173.69;173.71;173.87;173.57;27935;
a9eb4238-eba9-488c-b102-b6140fd08e38;2022-01-11T16:23:00Z;173.7;173.46;173.77;173.44;28246;
a9eb4238-eba9-488c-b102-b6140fd08e38;2022-01-11T16:24:00Z;173.48;173.5;173.55;173.35;25537;
a9eb4238-eba9-488c-b102-b6140fd08e38;2022-01-11T16:25:00Z;173.49;173.57;173.64;173.47;21215;
a9eb4238-eba9-488c-b102-b6140fd08e38;2022-01-11T16:26:00Z;173.58;173.8;173.82;173.47;30198;
a9eb4238-eba9-488c-b102-b6140fd08e38;2022-01-11T16:27:00Z;173.79;173.68;173.81;173.63;26266;
a9eb4238-eba9-488c-b102-b6140fd08e38;2022-01-11T16:28:00Z;173.76;173.88;173.89;173.71;38006;
a9eb4238-eba9-488c-b102-b6140fd08e38;2022-01-11T16:29:00Z;173.88;174.07;174.12;173.86;38482;
a9eb4238-eba9-488c-b102-b6140fd08e38;2022-01-11T16:30:00Z;174.08;173.87;174.12;173.79;22282;
a9eb4238-eba9-488c-b102-b6140fd08e38;2022-01-11T16:31:00Z;173.88;173.84;173.93;173.8;19345;
a9eb4238-eba9-488c-b102-b6140fd08e38;2022-01-11T16:32:00Z;173.92;173.93;173.96;173.83;20083;
a9eb4238-eba9-488c-b102-b6140fd08e38;2022-01-11T16:33:00Z;173.9;173.96;174.01;173.89;20258;
a9eb4238-eba9-488c-b102-b6140fd08e38;2022-01-11T16:34:00Z;173.97;173.98;173.98;173.89;13271;
a9eb4238-eba9-488c-b102-b6140fd08e38;2022-01-11T16:35:00Z;174.1;174.11;174.15;173.98;28355;
a9eb4238-eba9-488c-b102-b6140fd08e38;2022-01-11T16:36:00Z;174.13;174.27;174.3;174.04;28874;
a9eb4238-eba9-488c-b102-b6140fd08e38;2022-01-11T16:37:00Z;174.25;174.24;174.27;174.09;23595;
a9eb4238-eba9-488c-b102-b6140fd08e38;2022-01-11T16:38:00Z;174.25;174.42;174.48;174.21;44276;
a9eb4238-eba9-488c-b102-b6140fd08e38;2022-01-11T16:39:00Z;174.38;174.47;174.56;174.37;53008;
a9eb4238-eba9-488c-b102-b6140fd08e38;2022-01-11T16:40:00Z;174.48;174.66;174.76;174.44;50051;
a9eb4238-eba9-488c-b102-b6140fd08e38;2022-01-11T16:41:00Z;174.72;174.82;174.83;174.7;36987;
a9eb4238-eba9-488c-b102-b6140fd08e38;2022-01-11T16:42:00Z;174.82;174.84;174.85;174.76;23805;
a9eb4238-eba9-488c-b102-b6140fd08e38;2022-01-11T16:43:00Z;174.85;174.96;174.97;174.75;42417;
a9eb4238-eba9-488c-b102-b6140fd08e38;2022-01-11T16:44:00Z;174.95;174.7;174.98;174.65;27588;
a9eb4238-eba9-488c-b102-b6140fd08e38;2022-01-11T16:45:00Z;174.71;174.62;174.81;174.62;34394;
a9eb4238-eba9-488c-b102-b6140fd08e38;2022-01-11T16:46:00Z;174.63;174.58;174.66;174.55;33930;
a9eb4238-eba9-488c-b102-b6140fd08e38;2022-01-11T16:47:00Z;174.6;174.45;174.67;174.42;52968;
a9eb4238-eba9-488c-b102-b6140fd08e38;2022-01-11T16:48:00Z;174.45;174.5;174.53;174.44;22021;
a9eb4238-eba9-488c-b102-b6140fd08e38;2022-01-11T16:49:00Z;174.46;174.29;174.46;174.26;43207;
a9eb4238-eba9-488c-b102-b6140fd08e38;2022-01-11T16:50:00Z;174.28;174.49;174.55;174.27;31511;
a9eb4238-eba9-488c-b102-b6140fd08e38;2022-01-11T16:51:00Z;174.53;174.42;174.6;174.36;22441;
a9eb4238-eba9-488c-b102-b6140fd08e38;2022-01-11T16:52:00Z;174.4;174.42;174.47;174.34;14103;
a9eb4238-eba9-488c-b102-b6140fd08e38;2022-01-11T16:53:00Z;174.42;174.6;174.61;174.4;30520;
a9eb4238-eba9-488c-b102-b6140fd08e38;2022-01-11T16:54:00Z;174.59;174.51;174.65;174.48;28843;
a9eb4238-eba9-488c-b102-b6140fd08e38;2022-01-11T16:55:00Z;174.52;174.44;174.52;174.41;21222;
a9eb4238-eba9-488c-b102-b6140fd08e38;2022-01-11T16:56:00Z;174.43;174.39;174.5;174.38;21867;
a9eb4238-eba9-488c-b102-b6140fd08e38;2022-01-11T16:57:00Z;174.38;174.79;174.83;174.35;49339;
a9eb4238-eba9-488c-b102-b6140fd08e38;2022-01-11T16:58:00Z;174.81;174.73;174.84;174.66;28557;
a9eb4238-eba9-488c-b102-b6140fd08e38;2022-01-11T16:59:00Z;174.75;174.83;174.86;174.69;27509;
a9eb4238-eba9-488c-b102-b6140fd08e38;2022-01-11T17:00:00Z;174.84;174.86;174.93;174.76;34140;
a9eb4238-eba9-488c-b102-b6140fd08e38;2022-01-11T17:01:00Z;174.93;174.95;175.03;174.87;120276;
a9eb4238-eba9-488c-b102-b6140fd08e38;2022-01-11T17:02:00Z;174.96;174.89;175.01;174.85;22575;
a9eb4238-eba9-488c-b102-b6140fd08e38;2022-01-11T17:03:00Z;174.85;174.76;174.98;174.74;21713;
a9eb4238-eba9-488c-b102-b6140fd08e38;2022-01-11T17:04:00Z;174.77;174.79;174.86;174.75;24892;
a9eb4238-eba9-488c-b102-b6140fd08e38;2022-01-11T17:05:00Z;174.8;174.87;174.9;174.8;19257;
a9eb4238-eba9-488c-b102-b6140fd08e38;2022-01-11T17:06:00Z;174.87;174.67;174.87;174.66;17426;
a9eb4238-eba9-488c-b102-b6140fd08e38;2022-01-11T17:07:00Z;174.69;174.59;174.74;174.59;17419;
a9eb4238-eba9-488c-b102-b6140fd08e38;2022-01-11T17:08:00Z;174.61;174.56;174.62;174.49;15368;
a9eb4238-eba9-488c-b102-b6140fd08e38;2022-01-11T17:09:00Z;174.53;174.75;174.75;174.52;15776;
a9eb4238-eba9-488c-b102-b6140fd08e38;2022-01-11T17:10:00Z;174.75;174.68;174.78;174.67;15814;
a9eb4238-eba9-488c-b102-b6140fd08e38;2022-01-11T17:11:00Z;174.67;174.53;174.69;174.52;14129;
a9eb4238-eba9-488c-b102-b6140fd08e38;2022-01-11T17:12:00Z;174.6;174.62;174.62;174.55;13662;
a9eb4238-eba9-488c-b102-b6140fd08e38;2022-01-11T17:13:00Z;174.62;174.59;174.64;174.55;4124;
a9eb4238-eba9-488c-b102-b6140fd08e38;2022-01-11T17:14:00Z;174.59;174.64;174.65;174.53;21360;
a9eb4238-eba9-488c-b102-b6140fd08e38;2022-01-11T17:15:00Z;174.64;174.8;174.8;174.62;16712;
a9eb4238-eba9-488c-b102-b6140fd08e38;2022-01-11T17:16:00Z;174.81;174.67;174.88;174.67;17059;
a9eb4238-eba9-488c-b102-b6140fd08e38;2022-01-11T17:17:00Z;174.68;174.59;174.68;174.51;13125;
a9eb4238-eba9-488c-b102-b6140fd08e38;2022-01-11T17:18:00Z;174.54;174.61;174.64;174.54;10397;
a9eb4238-eba9-488c-b102-b6140fd08e38;2022-01-11T17:19:00Z;174.6;174.75;174.76;174.6;11205;
a9eb4238-eba9-488c-b102-b6140fd08e38;2022-01-11T17:20:00Z;174.76;174.68;174.79;174.68;9551;
a9eb4238-eba9-488c-b102-b6140fd08e38;2022-01-11T17:21:00Z;174.7;174.62;174.73;174.6;9129;
a9eb4238-eba9-488c-b102-b6140fd08e38;2022-01-11T17:22:00Z;174.63;174.78;174.79;174.63;10814;
a9eb4238-eba9-488c-b102-b6140fd08e38;2022-01-11T17:23:00Z;174.75;174.54;174.82;174.53;11503;
a9eb4238-eba9-488c-b102-b6140fd08e38;2022-01-11T17:24:00Z;174.55;174.44;174.57;174.42;45854;
a9eb4238-eba9-488c-b102-b6140fd08e38;2022-01-11T17:25:00Z;174.45;174.26;174.46;174.22;23017;
a9eb4238-eba9-488c-b102-b6140fd08e38;2022-01-11T17:26:00Z;174.27;174.14;174.29;174.13;22153;
a9eb4238-eba9-488c-b102-b6140fd08e38;2022-01-11T17:27:00Z;174.15;174.09;174.21;174.09;22808;
a9eb4238-eba9-488c-b102-b6140fd08e38;2022-01-11T17:28:00Z;174.16;174.02;174.21;173.98;42295;
a9eb4238-eba9-488c-b102-b6140fd08e38;2022-01-11T17:29:00Z;174.02;174;174.09;173.96;24125;
a9eb4238-eba9-488c-b102-b6140fd08e38;2022-01-11T17:30:00Z;174.01;174.1;174.15;173.98;14943;
a9eb4238-eba9-488c-b102-b6140fd08e38;2022-01-11T17:31:00Z;174.12;174.22;174.23;174.11;12968;
a9eb4238-eba9-488c-b102-b6140fd08e38;2022-01-11T17:32:00Z;174.23;174.2;174.28;174.12;20790;
a9eb4238-eba9-488c-b102-b6140fd08e38;2022-01-11T17:33:00Z;174.23;174.2;174.27;174.1;11708;
a9eb4238-eba9-488c-b102-b6140fd08e38;2022-01-11T17:34:00Z;174.1;174.09;174.24;174.08;11075;
a9eb4238-eba9-488c-b102-b6140fd08e38;2022-01-11T17:35:00Z;174.1;174.09;174.14;174.05;11552;
a9eb4238-eba9-488c-b102-b6140fd08e38;2022-01-11T17:36:00Z;174.09;174.22;174.26;174.09;11325;
a9eb4238-eba9-488c-b102-b6140fd08e38;2022-01-11T17:37:00Z;174.21;174.25;174.25;174.12;15144;
a9eb4238-eba9-488c-b102-b6140fd08e38;2022-01-11T17:38:00Z;174.33;174.26;174.35;174.22;16735;
a9eb4238-eba9-488c-b102-b6140fd08e38;2022-01-11T17:39:00Z;174.25;174.18;174.26;174.07;16447;
a9eb4238-eba9-488c-b102-b6140fd08e38;2022-01-11T17:40:00Z;174.19;174.11;174.2;174.11;14606;
a9eb4238-eba9-488c-b102-b6140fd08e38;2022-01-11T17:41:00Z;174.17;174.25;174.25;174.11;24654;
a9eb4238-eba9-488c-b102-b6140fd08e38;2022-01-11T17:42:00Z;174.24;174.3;174.32;174.22;13835;
a9eb4238-eba9-488c-b102-b6140fd08e38;2022-01-11T17:43:00Z;174.31;174.14;174.31;174.12;20577;
a9eb4238-eba9-488c-b102-b6140fd08e38;2022-01-11T17:44:00Z;174.13;174.17;174.29;174.07;16936;
a9eb4238-eba9-488c-b102-b6140fd08e38;2022-01-11T17:45:00Z;174.28;174.35;174.38;174.2;13413;
a9eb4238-eba9-488c-b102-b6140fd08e38;2022-01-11T17:46:00Z;174.37;174.34;174.38;174.29;9910;
a9eb4238-eba9-488c-b102-b6140fd08e38;2022-01-11T17:47:00Z;174.32;174.35;174.44;174.3;10029;
a9eb4238-eba9-488c-b102-b6140fd08e38;2022-01-11T17:48:00Z;174.34;174.29;174.38;174.29;8251;
a9eb4238-eba9-488c-b102-b6140fd08e38;2022-01-11T17:49:00Z;174.28;174.2;174.32;174.2;8738;
a9eb4238-eba9-488c-b102-b6140fd08e38;2022-01-11T17:50:00Z;174.16;174.22;174.25;174.14;12361;
a9eb4238-eba9-488c-b102-b6140fd08e38;2022-01-11T17:51:00Z;174.21;174.14;174.24;174.13;9638;
a9eb4238-eba9-488c-b102-b6140fd08e38;2022-01-11T17:52:00Z;174.13;174.26;174.34;174.13;8588;
a9eb4238-eba9-488c-b102-b6140fd08e38;2022-01-11T17:53:00Z;174.34;174.34;174.35;174.25;9340;
a9eb4238-eba9-488c-b102-b6140fd08e38;2022-01-11T17:54:00Z;174.35;174.39;174.4;174.35;7807;
a9eb4238-eba9-488c-b102-b6140fd08e38;2022-01-11T17:55:00Z;174.41;174.34;174.41;174.23;8280;
a9eb4238-eba9-488c-b102-b6140fd08e38;2022-01-11T17:56:00Z;174.34;174.36;174.37;174.31;8001;
a9eb4238-eba9-488c-b102-b6140fd08e38;2022-01-11T17:57:00Z;174.29;174.31;174.35;174.27;5555;
a9eb4238-eba9-488c-b102-b6140fd08e38;2022-01-11T17:58:00Z;174.31;174.22;174.34;174.15;12654;
a9eb4238-eba9-488c-b102-b6140fd08e38;2022-01-11T17:59:00Z;174.23;174.25;174.35;174.23;8289;
a9eb4238-eba9-488c-b102-b6140fd08e38;2022-01-11T18:00:00Z;174.14;174.23;174.3;174.11;12725;
a9eb4238-eba9-488c-b102-b6140fd08e38;2022-01-11T18:01:00Z;174.24;173.95;174.26;173.93;25760;
a9eb4238-eba9-488c-b102-b6140fd08e38;2022-01-11T18:02:00Z;173.96;174.09;174.14;173.96;14565;
a9eb4238-eba9-488c-b102-b6140fd08e38;2022-01-11T18:03:00Z;174.1;174.11;174.14;174.04;6185;
a9eb4238-eba9-488c-b102-b6140fd08e38;2022-01-11T18:04:00Z;174.1;174.12;174.16;174.05;9688;
a9eb4238-eba9-488c-b102-b6140fd08e38;2022-01-11T18:05:00Z;174.1;173.79;174.12;173.78;26824;
a9eb4238-eba9-488c-b102-b6140fd08e38;2022-01-11T18:06:00Z;173.85;173.91;173.97;173.74;26736;
a9eb4238-eba9-488c-b102-b6140fd08e38;2022-01-11T18:07:00Z;173.92;173.96;174;173.85;14035;
a9eb4238-eba9-488c-b102-b6140fd08e38;2022-01-11T18:08:00Z;173.91;174.01;174.05;173.91;10247;
a9eb4238-eba9-488c-b102-b6140fd08e38;2022-01-11T18:09:00Z;173.99;173.95;174.01;173.93;7543;
a9eb4238-eba9-488c-b102-b6140fd08e38;2022-01-11T18:10:00Z;173.96;174;174.05;173.96;11746;
a9eb4238-eba9-488c-b102-b6140fd08e38;2022-01-11T18:11:00Z;174.04;174.14;174.16;174.03;13903;
a9eb4238-eba9-488c-b102-b6140fd08e38;2022-01-11T18:12:00Z;174.15;174.22;174.22;174.12;12737;
a9eb4238-eba9-488c-b102-b6140fd08e38;2022-01-11T18:13:00Z;174.21;174.37;174.38;174.16;13991;
a9eb4238-eba9-488c-b102-b6140fd08e38;2022-01-11T18:14:00Z;174.37;174.29;174.41;174.29;14651;
a9eb4238-eba9-488c-b102-b6140fd08e38;2022-01-11T18:15:00Z;174.28;174.25;174.3;174.21;8213;
a9eb4238-eba9-488c-b102-b6140fd08e38;2022-01-11T18:16:00Z;174.3;174.34;174.35;174.26;8457;
a9eb4238-eba9-488c-b102-b6140fd08e38;2022-01-11T18:17:00Z;174.32;174.36;174.41;174.31;13147;
a9eb4238-eba9-488c-b102-b6140fd08e38;2022-01-11T18:18:00Z;174.42;174.42;174.42;174.34;7012;
a9eb4238-eba9-488c-b102-b6140fd08e38;2022-01-11T18:19:00Z;174.43;174.44;174.44;174.33;8939;
a9eb4238-eba9-488c-b102-b6140fd08e38;2022-01-11T18:20:00Z;174.42;174.66;174.66;174.41;26391;
a9eb4238-eba9-488c-b102-b6140fd08e38;2022-01-11T18:21:00Z;174.67;174.65;174.77;174.64;25391;
a9eb4238-eba9-488c-b102-b6140fd08e38;2022-01-11T18:22:00Z;174.66;174.62;174.68;174.58;12480;
a9eb4238-eba9-488c-b102-b6140fd08e38;2022-01-11T18:23:00Z;174.61;174.53;174.62;174.52;8259;
a9eb4238-eba9-488c-b102-b6140fd08e38;2022-01-11T18:24:00Z;174.66;174.65;174.66;174.53;7326;
a9eb4238-eba9-488c-b102-b6140fd08e38;2022-01-11T18:25:00Z;174.66;174.65;174.66;174.58;7881;
a9eb4238-eba9-488c-b102-b6140fd08e38;2022-01-11T18:26:00Z;174.62;174.56;174.63;174.56;5116;
a9eb4238-eba9-488c-b102-b6140fd08e38;2022-01-11T18:27:00Z;174.55;174.54;174.6;174.52;10084;
a9eb4238-eba9-488c-b102-b6140fd08e38;2022-01-11T18:28:00Z;174.58;174.53;174.6;174.53;6793;
a9eb4238-eba9-488c-b102-b6140fd08e38;2022-01-11T18:29:00Z;174.53;174.44;174.54;174.41;9816;
a9eb4238-eba9-488c-b102-b6140fd08e38;2022-01-11T18:30:00Z;174.44;174.49;174.5;174.39;9165;
a9eb4238-eba9-488c-b102-b6140fd08e38;2022-01-11T18:31:00Z;174.5;174.49;174.52;174.46;5111;
a9eb4238-eba9-488c-b102-b6140fd08e38;2022-01-11T18:32:00Z;174.48;174.38;174.5;174.34;13128;
a9eb4238-eba9-488c-b102-b6140fd08e38;2022-01-11T18:33:00Z;174.37;174.37;174.44;174.36;10434;
a9eb4238-eba9-488c-b102-b6140fd08e38;2022-01-11T18:34:00Z;174.37;174.36;174.44;174.35;10316;
a9eb4238-eba9-488c-b102-b6140fd08e38;2022-01-11T18:35:00Z;174.41;174.42;174.46;174.35;7878;
a9eb4238-eba9-488c-b102-b6140fd08e38;2022-01-11T18:36:00Z;174.46;174.4;174.48;174.39;11542;
a9eb4238-eba9-488c-b102-b6140fd08e38;2022-01-11T18:37:00Z;174.41;174.4;174.44;174.34;14694;
a9eb4238-eba9-488c-b102-b6140fd08e38;2022-01-11T18:38:00Z;174.39;174.32;174.39;174.32;5990;
a9eb4238-eba9-488c-b102-b6140fd08e38;2022-01-11T18:39:00Z;174.31;174.34;174.36;174.29;8210;
a9eb4238-eba9-488c-b102-b6140fd08e38;2022-01-11T18:40:00Z;174.32;174.33;174.34;174.23;12020;
a9eb4238-eba9-488c-b102-b6140fd08e38;2022-01-11T18:41:00Z;174.32;174.39;174.39;174.3;10049;
a9eb4238-eba9-488c-b102-b6140fd08e38;2022-01-11T18:42:00Z;174.39;174.34;174.41;174.32;10090;
a9eb4238-eba9-488c-b102-b6140fd08e38;2022-01-11T18:43:00Z;174.35;174.36;174.38;174.31;6231;
a9eb4238-eba9-488c-b102-b6140fd08e38;2022-01-11T18:44:00Z;174.36;174.31;174.38;174.3;6318;
a9eb4238-eba9-488c-b102-b6140fd08e38;2022-01-11T18:45:00Z;174.32;174.35;174.41;174.32;12191;
a9eb4238-eba9-488c-b102-b6140fd08e38;2022-01-11T18:46:00Z;174.39;174.46;174.49;174.37;12046;
a9eb4238-eba9-488c-b102-b6140fd08e38;2022-01-11T18:47:00Z;174.5;174.52;174.52;174.46;13168;
a9eb4238-eba9-488c-b102-b6140fd08e38;2022-01-11T18:48:00Z;174.51;174.35;174.53;174.34;12122;
a9eb4238-eba9-488c-b102-b6140fd08e38;2022-01-11T18:49:00Z;174.33;174.25;174.34;174.18;17806;
a9eb4238-eba9-488c-b102-b6140fd08e38;2022-01-11T18:50:00Z;174.28;174.3;174.3;174.26;10300;
a9eb4238-eba9-488c-b102-b6140fd08e38;2022-01-11T18:51:00Z;174.3;174.26;174.3;174.22;7123;
a9eb4238-eba9-488c-b102-b6140fd08e38;2022-01-11T18:52:00Z;174.29;174.22;174.29;174.14;11476;
a9eb4238-eba9-488c-b102-b6140fd08e38;2022-01-11T18:53:00Z;174.21;174.2;174.24;174.18;6689;
a9eb4238-eba9-488c-b102-b6140fd08e38;2022-01-11T18:54:00Z;174.23;174.26;174.28;174.19;8490;
a9eb4238-eba9-488c-b102-b6140fd08e38;2022-01-11T18:55:00Z;174.27;174.33;174.33;174.25;7590;
a9eb4238-eba9-488c-b102-b6140fd08e38;2022-01-11T18:56:00Z;174.33;174.36;174.37;174.32;7072;
a9eb4238-eba9-488c-b102-b6140fd08e38;2022-01-11T18:57:00Z;174.36;174.48;174.5;174.35;9775;
a9eb4238-eba9-488c-b102-b6140fd08e38;2022-01-11T18:58:00Z;174.47;174.43;174.47;174.38;6661;
a9eb4238-eba9-488c-b102-b6140fd08e38;2022-01-11T18:59:00Z;174.43;174.48;174.48;174.37;6423;
a9eb4238-eba9-488c-b102-b6140fd08e38;2022-01-11T19:00:00Z;174.43;174.38;174.56;174.38;43087;
a9eb4238-eba9-488c-b102-b6140fd08e38;2022-01-11T19:01:00Z;174.38;174.33;174.42;174.26;11694;
a9eb4238-eba9-488c-b102-b6140fd08e38;2022-01-11T19:02:00Z;174.34;174.31;174.36;174.24;17876;
a9eb4238-eba9-488c-b102-b6140fd08e38;2022-01-11T19:03:00Z;174.32;174.29;174.37;174.29;14356;
a9eb4238-eba9-488c-b102-b6140fd08e38;2022-01-11T19:04:00Z;174.2;174.18;174.28;174.17;15933;
a9eb4238-eba9-488c-b102-b6140fd08e38;2022-01-11T19:05:00Z;174.19;174.23;174.26;174.19;16689;
a9eb4238-eba9-488c-b102-b6140fd08e38;2022-01-11T19:06:00Z;174.24;174.19;174.24;174.12;15305;
a9eb4238-eba9-488c-b102-b6140fd08e38;2022-01-11T19:07:00Z;174.19;174.15;174.24;174.15;10998;
a9eb4238-eba9-488c-b102-b6140fd08e38;2022-01-11T19:08:00Z;174.16;174.15;174.28;174.13;8336;
a9eb4238-eba9-488c-b102-b6140fd08e38;2022-01-11T19:09:00Z;174.14;174.03;174.18;173.95;37198;
a9eb4238-eba9-488c-b102-b6140fd08e38;2022-01-11T19:10:00Z;174.11;174.13;174.15;174.02;12440;
a9eb4238-eba9-488c-b102-b6140fd08e38;2022-01-11T19:11:00Z;174.12;174.11;174.14;174.05;11051;
a9eb4238-eba9-488c-b102-b6140fd08e38;2022-01-11T19:12:00Z;174.12;174.06;174.21;174.05;7422;
a9eb4238-eba9-488c-b102-b6140fd08e38;2022-01-11T19:13:00Z;174.2;174.21;174.25;174.03;9747;
a9eb4238-eba9-488c-b102-b6140fd08e38;2022-01-11T19:14:00Z;174.21;174.15;174.26;174.15;7575;
a9eb4238-eba9-488c-b102-b6140fd08e38;2022-01-11T19:15:00Z;174.16;174.2;174.24;174.16;7967;
a9eb4238-eba9-488c-b102-b6140fd08e38;2022-01-11T19:16:00Z;174.25;174.25;174.26;174.2;10342;
a9eb4238-eba9-488c-b102-b6140fd08e38;2022-01-11T19:17:00Z;174.26;174.24;174.32;174.2;15339;
a9eb4238-eba9-488c-b102-b6140fd08e38;2022-01-11T19:18:00Z;174.25;174.29;174.3;174.24;6223;
a9eb4238-eba9-488c-b102-b6140fd08e38;2022-01-11T19:19:00Z;174.31;174.26;174.32;174.23;14741;
a9eb4238-eba9-488c-b102-b6140fd08e38;2022-01-11T19:20:00Z;174.24;174.23;174.25;174.18;13750;
a9eb4238-eba9-488c-b102-b6140fd08e38;2022-01-11T19:21:00Z;174.2;174.18;174.22;174.09;16491;
a9eb4238-eba9-488c-b102-b6140fd08e38;2022-01-11T19:22:00Z;174.17;174.23;174.24;174.14;6364;
a9eb4238-eba9-488c-b102-b6140fd08e38;2022-01-11T19:23:00Z;174.24;174.3;174.32;174.2;16434;
a9eb4238-eba9-488c-b102-b6140fd08e38;2022-01-11T19:24:00Z;174.29;174.36;174.4;174.29;11374;
a9eb4238-eba9-488c-b102-b6140fd08e38;2022-01-11T19:25:00Z;174.36;174.35;174.38;174.33;9192;
a9eb4238-eba9-488c-b102-b6140fd08e38;2022-01-11T19:26:00Z;174.42;174.41;174.42;174.33;12116;
a9eb4238-eba9-488c-b102-b6140fd08e38;2022-01-11T19:27:00Z;174.41;174.46;174.48;174.39;14630;
a9eb4238-eba9-488c-b102-b6140fd08e38;2022-01-11T19:28:00Z;174.48;174.47;174.48;174.43;8118;
a9eb4238-eba9-488c-b102-b6140fd08e38;2022-01-11T19:29:00Z;174.46;174.44;174.47;174.42;7390;
a9eb4238-eba9-488c-b102-b6140fd08e38;2022-01-11T19:30:00Z;174.4;174.4;174.48;174.37;17641;
a9eb4238-eba9-488c-b102-b6140fd08e38;2022-01-11T19:31:00Z;174.4;174.24;174.4;174.22;20375;
a9eb4238-eba9-488c-b102-b6140fd08e38;2022-01-11T19:32:00Z;174.25;174.31;174.32;174.23;16272;
a9eb4238-eba9-488c-b102-b6140fd08e38;2022-01-11T19:33:00Z;174.32;174.3;174.33;174.21;24879;
a9eb4238-eba9-488c-b102-b6140fd08e38;2022-01-11T19:34:00Z;174.28;174.3;174.32;174.25;11643;
a9eb4238-eba9-488c-b102-b6140fd08e38;2022-01-11T19:35:00Z;174.31;174.41;174.41;174.27;17376;
a9eb4238-eba9-488c-b102-b6140fd08e38;2022-01-11T19:36:00Z;174.41;174.43;174.46;174.38;17164;
a9eb4238-eba9-488c-b102-b6140fd08e38;2022-01-11T19:37:00Z;174.42;174.48;174.48;174.4;10467;
a9eb4238-eba9-488c-b102-b6140fd08e38;2022-01-11T19:38:00Z;174.49;174.54;174.54;174.42;16493;
a9eb4238-eba9-488c-b102-b6140fd08e38;2022-01-11T19:39:00Z;174.54;174.66;174.67;174.48;22739;
a9eb4238-eba9-488c-b102-b6140fd08e38;2022-01-11T19:40:00Z;174.65;174.68;174.69;174.6;13680;
a9eb4238-eba9-488c-b102-b6140fd08e38;2022-01-11T19:41:00Z;174.65;174.71;174.74;174.62;16008;
a9eb4238-eba9-488c-b102-b6140fd08e38;2022-01-11T19:42:00Z;174.71;174.69;174.75;174.67;13829;
a9eb4238-eba9-488c-b102-b6140fd08e38;2022-01-11T19:43:00Z;174.59;174.6;174.69;174.59;12021;
a9eb4238-eba9-488c-b102-b6140fd08e38;2022-01-11T19:44:00Z;174.59;174.76;174.77;174.58;18916;
a9eb4238-eba9-488c-b102-b6140fd08e38;2022-01-11T19:45:00Z;174.73;174.79;174.81;174.72;34284;
a9eb4238-eba9-488c-b102-b6140fd08e38;2022-01-11T19:46:00Z;174.89;174.86;174.92;174.8;20782;
a9eb4238-eba9-488c-b102-b6140fd08e38;2022-01-11T19:47:00Z;174.87;174.9;174.91;174.87;11147;
a9eb4238-eba9-488c-b102-b6140fd08e38;2022-01-11T19:48:00Z;174.89;174.94;174.97;174.88;25071;
a9eb4238-eba9-488c-b102-b6140fd08e38;2022-01-11T19:49:00Z;174.95;174.99;175.02;174.91;65943;
a9eb4238-eba9-488c-b102-b6140fd08e38;2022-01-11T19:50:00Z;174.99;174.82;175;174.82;20108;
a9eb4238-eba9-488c-b102-b6140fd08e38;2022-01-11T19:51:00Z;174.82;174.74;174.86;174.72;22326;
a9eb4238-eba9-488c-b102-b6140fd08e38;2022-01-11T19:52:00Z;174.75;174.82;174.82;174.71;10991;
a9eb4238-eba9-488c-b102-b6140fd08e38;2022-01-11T19:53:00Z;174.82;174.88;174.93;174.81;13910;
a9eb4238-eba9-488c-b102-b6140fd08e38;2022-01-11T19:54:00Z;174.88;174.87;174.97;174.8;25138;
a9eb4238-eba9-488c-b102-b6140fd08e38;2022-01-11T19:55:00Z;174.91;174.99;175;174.88;15949;
a9eb4238-eba9-488c-b102-b6140fd08e38;2022-01-11T19:56:00Z;175.04;175.1;175.1;174.99;24899;
a9eb4238-eba9-488c-b102-b6140fd08e38;2022-01-11T19:57:00Z;175.1;175.06;175.1;174.98;20032;
a9eb4238-eba9-488c-b102-b6140fd08e38;2022-01-11T19:58:00Z;175.04;174.98;175.05;174.94;14419;
a9eb4238-eba9-488c-b102-b6140fd08e38;2022-01-11T19:59:00Z;174.93;174.83;174.97;174.82;20087;
a9eb4238-eba9-488c-b102-b6140fd08e38;2022-01-11T20:00:00Z;174.83;174.9;174.96;174.83;26767;
a9eb4238-eba9-488c-b102-b6140fd08e38;2022-01-11T20:01:00Z;174.89;174.85;174.94;174.82;24909;
a9eb4238-eba9-488c-b102-b6140fd08e38;2022-01-11T20:02:00Z;174.88;174.94;174.97;174.88;10585;
a9eb4238-eba9-488c-b102-b6140fd08e38;2022-01-11T20:03:00Z;174.93;174.97;174.97;174.79;21673;
a9eb4238-eba9-488c-b102-b6140fd08e38;2022-01-11T20:04:00Z;174.96;174.92;174.97;174.87;10605;
a9eb4238-eba9-488c-b102-b6140fd08e38;2022-01-11T20:05:00Z;174.91;174.98;175.05;174.9;23449;
a9eb4238-eba9-488c-b102-b6140fd08e38;2022-01-11T20:06:00Z;174.98;175.04;175.05;174.92;16481;
a9eb4238-eba9-488c-b102-b6140fd08e38;2022-01-11T20:07:00Z;175.03;175.02;175.04;174.98;19006;
a9eb4238-eba9-488c-b102-b6140fd08e38;2022-01-11T20:08:00Z;175.03;175.11;175.11;175.01;19792;
a9eb4238-eba9-488c-b102-b6140fd08e38;2022-01-11T20:09:00Z;175.11;174.98;175.11;174.94;17672;
a9eb4238-eba9-488c-b102-b6140fd08e38;2022-01-11T20:10:00Z;174.99;174.94;175.02;174.91;17350;
a9eb4238-eba9-488c-b102-b6140fd08e38;2022-01-11T20:11:00Z;174.93;174.85;174.93;174.8;20519;
a9eb4238-eba9-488c-b102-b6140fd08e38;2022-01-11T20:12:00Z;174.86;174.82;174.86;174.75;14597;
a9eb4238-eba9-488c-b102-b6140fd08e38;2022-01-11T20:13:00Z;174.83;174.88;174.9;174.83;12930;
a9eb4238-eba9-488c-b102-b6140fd08e38;2022-01-11T20:14:00Z;174.89;174.95;174.96;174.88;15124;
a9eb4238-eba9-488c-b102-b6140fd08e38;2022-01-11T20:15:00Z;174.94;174.98;175.02;174.94;20620;
a9eb4238-eba9-488c-b102-b6140fd08e38;2022-01-11T20:16:00Z;174.98;174.95;175.03;174.94;12032;
a9eb4238-eba9-488c-b102-b6140fd08e38;2022-01-11T20:17:00Z;174.94;174.74;174.96;174.72;27013;
a9eb4238-eba9-488c-b102-b6140fd08e38;2022-01-11T20:18:00Z;174.75;174.68;174.76;174.66;27930;
a9eb4238-eba9-488c-b102-b6140fd08e38;2022-01-11T20:19:00Z;174.68;174.69;174.72;174.67;25971;
a9eb4238-eba9-488c-b102-b6140fd08e38;2022-01-11T20:20:00Z;174.69;174.85;174.86;174.69;15606;
a9eb4238-eba9-488c-b102-b6140fd08e38;2022-01-11T20:21:00Z;174.84;174.78;174.84;174.74;21053;
a9eb4238-eba9-488c-b102-b6140fd08e38;2022-01-11T20:22:00Z;174.78;174.77;174.78;174.7;14391;
a9eb4238-eba9-488c-b102-b6140fd08e38;2022-01-11T20:23:00Z;174.76;174.74;174.84;174.74;14380;
a9eb4238-eba9-488c-b102-b6140fd08e38;2022-01-11T20:24:00Z;174.75;174.74;174.8;174.72;12782;
a9eb4238-eba9-488c-b102-b6140fd08e38;2022-01-11T20:25:00Z;174.73;174.65;174.82;174.65;24897;
a9eb4238-eba9-488c-b102-b6140fd08e38;2022-01-11T20:26:00Z;174.65;174.63;174.7;174.63;15862;
a9eb4238-eba9-488c-b102-b6140fd08e38;2022-01-11T20:27:00Z;174.64;174.8;174.8;174.64;19112;
a9eb4238-eba9-488c-b102-b6140fd08e38;2022-01-11T20:28:00Z;174.81;174.87;174.89;174.81;26710;
a9eb4238-eba9-488c-b102-b6140fd08e38;2022-01-11T20:29:00Z;174.88;174.84;174.91;174.8;25072;
a9eb4238-eba9-488c-b102-b6140fd08e38;2022-01-11T20:30:00Z;174.83;174.99;174.99;174.82;33828;
a9eb4238-eba9-488c-b102-b6140fd08e38;2022-01-11T20:31:00Z;174.98;175.03;175.03;174.93;41094;
a9eb4238-eba9-488c-b102-b6140fd08e38;2022-01-11T20:32:00Z;175.03;175;175.05;174.97;26394;
a9eb4238-eba9-488c-b102-b6140fd08e38;2022-01-11T20:33:00Z;175.01;175.03;175.04;174.97;36429;
a9eb4238-eba9-488c-b102-b6140fd08e38;2022-01-11T20:34:00Z;175.04;174.98;175.04;174.9;32979;
a9eb4238-eba9-488c-b102-b6140fd08e38;2022-01-11T20:35:00Z;174.97;175.01;175.01;174.95;25807;
a9eb4238-eba9-488c-b102-b6140fd08e38;2022-01-11T20:36:00Z;175;175.12;175.12;174.97;38711;
a9eb4238-eba9-488c-b102-b6140fd08e38;2022-01-11T20:37:00Z;175.12;175.17;175.17;175.1;32890;
a9eb4238-eba9-488c-b102-b6140fd08e38;2022-01-11T20:38:00Z;175.18;175.15;175.18;175.09;36324;
a9eb4238-eba9-488c-b102-b6140fd08e38;2022-01-11T20:39:00Z;175.15;175.02;175.16;175.01;26738;
a9eb4238-eba9-488c-b102-b6140fd08e38;2022-01-11T20:40:00Z;175.01;175.05;175.08;174.9;33508;
a9eb4238-eba9-488c-b102-b6140fd08e38;2022-01-11T20:41:00Z;175.04;174.92;175.05;174.87;24886;
a9eb4238-eba9-488c-b102-b6140fd08e38;2022-01-11T20:42:00Z;174.91;174.93;174.98;174.88;25889;
a9eb4238-eba9-488c-b102-b6140fd08e38;2022-01-11T20:43:00Z;174.92;174.89;174.96;174.85;23671;
a9eb4238-eba9-488c-b102-b6140fd08e38;2022-01-11T20:44:00Z;174.88;174.91;174.95;174.86;25586;
a9eb4238-eba9-488c-b102-b6140fd08e38;2022-01-11T20:45:00Z;174.9;174.82;174.93;174.76;33580;
a9eb4238-eba9-488c-b102-b6140fd08e38;2022-01-11T20:46:00Z;174.82;174.8;174.83;174.78;28297;
a9eb4238-eba9-488c-b102-b6140fd08e38;2022-01-11T20:47:00Z;174.81;174.89;174.91;174.76;34273;
a9eb4238-eba9-488c-b102-b6140fd08e38;2022-01-11T20:48:00Z;174.88;174.82;174.9;174.82;23631;
a9eb4238-eba9-488c-b102-b6140fd08e38;2022-01-11T20:49:00Z;174.83;174.73;174.83;174.71;25633;
a9eb4238-eba9-488c-b102-b6140fd08e38;2022-01-11T20:50:00Z;174.74;174.55;174.81;174.48;86976;
a9eb4238-eba9-488c-b102-b6140fd08e38;2022-01-11T20:51:00Z;174.53;174.56;174.61;174.51;32769;
a9eb4238-eba9-488c-b102-b6140fd08e38;2022-01-11T20:52:00Z;174.55;174.52;174.64;174.51;29351;
a9eb4238-eba9-488c-b102-b6140fd08e38;2022-01-11T20:53:00Z;174.51;174.49;174.51;174.4;113260;
a9eb4238-eba9-488c-b102-b6140fd08e38;2022-01-11T20:54:00Z;174.48;174.58;174.65;174.48;71090;
a9eb4238-eba9-488c-b102-b6140fd08e38;2022-01-11T20:55:00Z;174.59;174.72;174.88;174.58;84915;
a9eb4238-eba9-488c-b102-b6140fd08e38;2022-01-11T20:56:00Z;174.71;174.71;174.72;174.59;57074;
a9eb4238-eba9-488c-b102-b6140fd08e38;2022-01-11T20:57:00Z;174.71;174.78;174.79;174.7;81786;
a9eb4238-eba9-488c-b102-b6140fd08e38;2022-01-11T20:58:00Z;174.79;174.94;174.95;174.79;103220;
a9eb4238-eba9-488c-b102-b6140fd08e38;2022-01-11T20:59:00Z;174.94;175.08;175.13;174.9;471642;
a9eb4238-eba9-488c-b102-b6140fd08e38;2022-01-11T21:00:00Z;175.08;175.08;175.08;174.99;5337757;
a9eb4238-eba9-488c-b102-b6140fd08e38;2022-01-11T21:01:00Z;175.09;175.1;175.11;175.08;1517;
a9eb4238-eba9-488c-b102-b6140fd08e38;2022-01-11T21:02:00Z;175.09;175.08;175.1;175.08;5947;
a9eb4238-eba9-488c-b102-b6140fd08e38;2022-01-11T21:03:00Z;175.08;175.08;175.1;175.08;3516;
a9eb4238-eba9-488c-b102-b6140fd08e38;2022-01-11T21:04:00Z;175.09;175.1;175.12;175.08;1119;
a9eb4238-eba9-488c-b102-b6140fd08e38;2022-01-11T21:05:00Z;175.09;175.09;175.1;175.09;715;
a9eb4238-eba9-488c-b102-b6140fd08e38;2022-01-11T21:06:00Z;175.09;175.13;175.13;175.09;346;
a9eb4238-eba9-488c-b102-b6140fd08e38;2022-01-11T21:07:00Z;175.12;175.13;175.13;175.11;1087;
a9eb4238-eba9-488c-b102-b6140fd08e38;2022-01-11T21:08:00Z;175.13;175.11;175.14;175.08;943;
a9eb4238-eba9-488c-b102-b6140fd08e38;2022-01-11T21:09:00Z;175.1;175.1;175.11;175.08;279;
a9eb4238-eba9-488c-b102-b6140fd08e38;2022-01-11T21:10:00Z;175.12;175.1;175.12;175.09;541;
a9eb4238-eba9-488c-b102-b6140fd08e38;2022-01-11T21:11:00Z;175.1;175.09;175.1;175.09;62;
a9eb4238-eba9-488c-b102-b6140fd08e38;2022-01-11T21:12:00Z;175.1;175.1;175.12;175.1;59;
a9eb4238-eba9-488c-b102-b6140fd08e38;2022-01-11T21:13:00Z;175.11;175.09;175.11;175.09;45;
a9eb4238-eba9-488c-b102-b6140fd08e38;2022-01-11T21:14:00Z;175.1;175.08;175.1;175.08;1209;
a9eb4238-eba9-488c-b102-b6140fd08e38;2022-01-11T21:15:00Z;175.08;175.1;175.1;175.08;1030;
a9eb4238-eba9-488c-b102-b6140fd08e38;2022-01-11T21:16:00Z;175.1;175.1;175.11;175.1;586;
a9eb4238-eba9-488c-b102-b6140fd08e38;2022-01-11T21:17:00Z;175.12;175.1;175.12;175.1;418;
a9eb4238-eba9-488c-b102-b6140fd08e38;2022-01-11T21:18:00Z;175.1;175.09;175.1;175.08;964;
a9eb4238-eba9-488c-b102-b6140fd08e38;2022-01-11T21:19:00Z;175.09;175.08;175.1;175.08;5340;
a9eb4238-eba9-488c-b102-b6140fd08e38;2022-01-11T21:20:00Z;175.07;175.09;175.1;175.06;50;
a9eb4238-eba9-488c-b102-b6140fd08e38;2022-01-11T21:21:00Z;175.07;175.03;175.1;175.03;150;
a9eb4238-eba9-488c-b102-b6140fd08e38;2022-01-11T21:22:00Z;175.05;175.02;175.08;175.01;479;
a9eb4238-eba9-488c-b102-b6140fd08e38;2022-01-11T21:23:00Z;175.02;175.03;175.03;175.01;242;
a9eb4238-eba9-488c-b102-b6140fd08e38;2022-01-11T21:24:00Z;175.02;175.05;175.08;175.02;552;
a9eb4238-eba9-488c-b102-b6140fd08e38;2022-01-11T21:25:00Z;175.05;175.08;175.08;175.05;578;
a9eb4238-eba9-488c-b102-b6140fd08e38;2022-01-11T21:26:00Z;175.05;175.07;175.07;175.05;4063;
a9eb4238-eba9-488c-b102-b6140fd08e38;2022-01-11T21:27:00Z;175.08;175.07;175.08;175.07;7;
a9eb4238-eba9-488c-b102-b6140fd08e38;2022-01-11T21:28:00Z;175.06;175.05;175.08;175.05;2061;
a9eb4238-eba9-488c-b102-b6140fd08e38;2022-01-11T21:29:00Z;175.07;175.05;175.07;175.05;1702;
a9eb4238-eba9-488c-b102-b6140fd08e38;2022-01-11T21:30:00Z;175.05;175.08;175.08;175.05;518;
a9eb4238-eba9-488c-b102-b6140fd08e38;2022-01-11T21:31:00Z;175.08;175.08;175.1;175.08;561;
a9eb4238-eba9-488c-b102-b6140fd08e38;2022-01-11T21:32:00Z;175.1;175.05;175.1;175.05;1234;
a9eb4238-eba9-488c-b102-b6140fd08e38;2022-01-11T21:33:00Z;175.08;175.08;175.08;175.08;44;
a9eb4238-eba9-488c-b102-b6140fd08e38;2022-01-11T21:34:00Z;175.1;175.09;175.1;175.08;49;
a9eb4238-eba9-488c-b102-b6140fd08e38;2022-01-11T21:35:00Z;175.1;175.1;175.1;175.08;821;
a9eb4238-eba9-488c-b102-b6140fd08e38;2022-01-11T21:36:00Z;175.08;175.1;175.1;175.08;318;
a9eb4238-eba9-488c-b102-b6140fd08e38;2022-01-11T21:37:00Z;175.1;175.1;175.1;175.1;19;
a9eb4238-eba9-488c-b102-b6140fd08e38;2022-01-11T21:38:00Z;175.1;175.09;175.1;175.08;88;
a9eb4238-eba9-488c-b102-b6140fd08e38;2022-01-11T21:39:00Z;175.08;175.1;175.1;175.08;261;
a9eb4238-eba9-488c-b102-b6140fd08e38;2022-01-11T21:40:00Z;175.08;175.08;175.1;175.08;16;
a9eb4238-eba9-488c-b102-b6140fd08e38;2022-01-11T21:41:00Z;175.09;175.1;175.1;175.08;426;
a9eb4238-eba9-488c-b102-b6140fd08e38;2022-01-11T21:42:00Z;175.1;175.08;175.1;175.08;27;
a9eb4238-eba9-488c-b102-b6140fd08e38;2022-01-11T21:43:00Z;175.09;175.09;175.09;175.09;106;
a9eb4238-eba9-488c-b102-b6140fd08e38;2022-01-11T21:44:00Z;175.08;175.09;175.09;175.08;133;
a9eb4238-eba9-488c-b102-b6140fd08e38;2022-01-11T21:45:00Z;175.1;175.1;175.1;175.09;510;
a9eb4238-eba9-488c-b102-b6140fd08e38;2022-01-11T21:46:00Z;175.1;175.1;175.1;175.1;43;
a9eb4238-eba9-488c-b102-b6140fd08e38;2022-01-11T21:47:00Z;175.1;175.1;175.1;175.1;582;
a9eb4238-eba9-488c-b102-b6140fd08e38;2022-01-11T21:48:00Z;175.1;175.09;175.1;175.09;111;
a9eb4238-eba9-488c-b102-b6140fd08e38;2022-01-11T21:49:00Z;175.09;175.1;175.1;175.09;127;
a9eb4238-eba9-488c-b102-b6140fd08e38;2022-01-11T21:50:00Z;175.1;175.1;175.12;175.1;4880;
a9eb4238-eba9-488c-b102-b6140fd08e38;2022-01-11T21:51:00Z;175.1;175.1;175.11;175.09;26;
a9eb4238-eba9-488c-b102-b6140fd08e38;2022-01-11T21:52:00Z;175.11;175.1;175.11;175.09;54;
a9eb4238-eba9-488c-b102-b6140fd08e38;2022-01-11T21:53:00Z;175.09;175.11;175.12;175.09;261;
a9eb4238-eba9-488c-b102-b6140fd08e38;2022-01-11T21:54:00Z;175.11;175.1;175.11;175.09;72;
a9eb4238-eba9-488c-b102-b6140fd08e38;2022-01-11T21:55:00Z;175.11;175.1;175.11;175.08;109;
a9eb4238-eba9-488c-b102-b6140fd08e38;2022-01-11T21:56:00Z;175.1;175.1;175.1;175.1;242;
a9eb4238-eba9-488c-b102-b6140fd08e38;2022-01-11T21:57:00Z;175.09;175.09;175.1;175.09;51;
a9eb4238-eba9-488c-b102-b6140fd08e38;2022-01-11T21:58:00Z;175.1;175.12;175.12;175.1;75;
a9eb4238-eba9-488c-b102-b6140fd08e38;2022-01-11T21:59:00Z;175.12;175.11;175.12;175.11;8;
a9eb4238-eba9-488c-b102-b6140fd08e38;2022-01-11T22:00:00Z;175.12;175.12;175.12;175.11;357;
a9eb4238-eba9-488c-b102-b6140fd08e38;2022-01-11T22:01:00Z;175.13;175.13;175.13;175.12;22;
a9eb4238-eba9-488c-b102-b6140fd08e38;2022-01-11T22:02:00Z;175.13;175.12;175.13;175.12;168;
a9eb4238-eba9-488c-b102-b6140fd08e38;2022-01-11T22:03:00Z;175.12;175.11;175.12;175.11;4;
a9eb4238-eba9-488c-b102-b6140fd08e38;2022-01-11T22:04:00Z;175.11;175.11;175.11;175.11;4;
a9eb4238-eba9-488c-b102-b6140fd08e38;2022-01-11T22:05:00Z;175.11;175.11;175.11;175.11;35;
a9eb4238-eba9-488c-b102-b6140fd08e38;2022-01-11T22:06:00Z;175.1;175.11;175.11;175.1;106;
a9eb4238-eba9-488c-b102-b6140fd08e38;2022-01-11T22:07:00Z;175.11;175.11;175.11;175.1;34;
a9eb4238-eba9-488c-b102-b6140fd08e38;2022-01-11T22:08:00Z;175.11;175.11;175.11;175.11;10;
a9eb4238-eba9-488c-b102-b6140fd08e38;2022-01-11T22:09:00Z;175.1;175.1;175.1;175.1;229;
a9eb4238-eba9-488c-b102-b6140fd08e38;2022-01-11T22:10:00Z;175.1;175.09;175.1;175.09;28;
a9eb4238-eba9-488c-b102-b6140fd08e38;2022-01-11T22:11:00Z;175.09;175.09;175.1;175.08;208;
a9eb4238-eba9-488c-b102-b6140fd08e38;2022-01-11T22:12:00Z;175.09;175.09;175.1;175.08;140;
a9eb4238-eba9-488c-b102-b6140fd08e38;2022-01-11T22:13:00Z;175.09;175.09;175.1;175.08;231;
a9eb4238-eba9-488c-b102-b6140fd08e38;2022-01-11T22:14:00Z;175.09;175.09;175.09;175.09;19;
a9eb4238-eba9-488c-b102-b6140fd08e38;2022-01-11T22:15:00Z;175.07;175.06;175.09;175.06;340;
a9eb4238-eba9-488c-b102-b6140fd08e38;2022-01-11T22:16:00Z;175.06;175.06;175.07;175.06;75;
a9eb4238-eba9-488c-b102-b6140fd08e38;2022-01-11T22:17:00Z;175.07;175.06;175.07;175.06;10;
a9eb4238-eba9-488c-b102-b6140fd08e38;2022-01-11T22:18:00Z;175.07;175.06;175.07;175.05;219;
a9eb4238-eba9-488c-b102-b6140fd08e38;2022-01-11T22:19:00Z;175.07;175.07;175.07;175.07;20;
a9eb4238-eba9-488c-b102-b6140fd08e38;2022-01-11T22:20:00Z;175.08;175.08;175.08;175.07;200;
a9eb4238-eba9-488c-b102-b6140fd08e38;2022-01-11T22:21:00Z;175.07;175.07;175.09;175.05;406;
a9eb4238-eba9-488c-b102-b6140fd08e38;2022-01-11T22:22:00Z;175.09;175.08;175.09;175.07;23;
a9eb4238-eba9-488c-b102-b6140fd08e38;2022-01-11T22:23:00Z;175.07;175.05;175.07;175.05;242;
a9eb4238-eba9-488c-b102-b6140fd08e38;2022-01-11T22:24:00Z;175.05;175.06;175.07;175.05;6;
a9eb4238-eba9-488c-b102-b6140fd08e38;2022-01-11T22:25:00Z;175.04;175.06;175.06;175.04;7;
a9eb4238-eba9-488c-b102-b6140fd08e38;2022-01-11T22:26:00Z;175.06;175.05;175.06;175.05;7;
a9eb4238-eba9-488c-b102-b6140fd08e38;2022-01-11T22:27:00Z;175.04;175.05;175.08;175.04;120;
a9eb4238-eba9-488c-b102-b6140fd08e38;2022-01-11T22:28:00Z;175.04;175.05;175.06;175.03;24;
a9eb4238-eba9-488c-b102-b6140fd08e38;2022-01-11T22:29:00Z;175.06;175.05;175.06;175.04;23;
a9eb4238-eba9-488c-b102-b6140fd08e38;2022-01-11T22:30:00Z;175.04;175.03;175.04;175.02;97;
a9eb4238-eba9-488c-b102-b6140fd08e38;2022-01-11T22:31:00Z;175.03;175.04;175.05;175.02;83;
a9eb4238-eba9-488c-b102-b6140fd08e38;2022-01-11T22:32:00Z;175.03;175.02;175.04;175.01;274;
a9eb4238-eba9-488c-b102-b6140fd08e38;2022-01-11T22:33:00Z;175.04;175.02;175.04;175.02;57;
a9eb4238-eba9-488c-b102-b6140fd08e38;2022-01-11T22:34:00Z;175.02;175.02;175.02;175.02;4;
a9eb4238-eba9-488c-b102-b6140fd08e38;2022-01-11T22:35:00Z;175.02;175.01;175.02;175.01;102;
a9eb4238-eba9-488c-b102-b6140fd08e38;2022-01-11T22:36:00Z;175.02;175.03;175.05;175.01;165;
a9eb4238-eba9-488c-b102-b6140fd08e38;2022-01-11T22:37:00Z;175.04;175.04;175.04;175.03;4;
a9eb4238-eba9-488c-b102-b6140fd08e38;2022-01-11T22:38:00Z;175.04;175.02;175.04;175.02;115;
a9eb4238-eba9-488c-b102-b6140fd08e38;2022-01-11T22:39:00Z;175.02;175.01;175.02;175.01;12;
a9eb4238-eba9-488c-b102-b6140fd08e38;2022-01-11T22:40:00Z;175.01;175.02;175.02;175.01;323;
a9eb4238-eba9-488c-b102-b6140fd08e38;2022-01-11T22:41:00Z;175.03;175.02;175.03;175.02;7;
a9eb4238-eba9-488c-b102-b6140fd08e38;2022-01-11T22:42:00Z;175.02;175.02;175.02;175.02;37;
a9eb4238-eba9-488c-b102-b6140fd08e38;2022-01-11T22:44:00Z;175.01;175.03;175.03;175.01;15;
